ID,chr7_1,chr7_2,chr7_3,chr7_4,chr7_5,chr7_6,chr7_7,chr7_8,chr7_9,chr7_10,chr7_11,chr7_12,chr7_13,chr7_14,chr7_15,chr7_16,chr7_17,chr7_18,chr7_19,chr7_20,chr7_21,chr7_22,chr7_23,chr7_24,chr7_25,chr7_26,chr7_27,chr7_28,chr7_29,chr7_30,chr7_31,chr7_32,chr7_33,chr7_34,chr7_35,chr7_36,chr7_37,chr7_38,chr7_39,chr7_40,chr7_41,chr7_42,chr7_43,chr7_44,chr7_45,chr7_46,chr7_47,chr7_48,chr7_49,chr7_50,chr7_51,chr7_52,chr7_53,chr7_54,chr7_55,chr7_56,chr7_57,chr7_58,chr7_59,chr7_60,chr7_61,chr7_62,chr7_63,chr7_64,chr7_65,chr7_66,chr7_67,chr7_68,chr7_69,chr7_70,chr7_71,chr7_72,chr7_73,chr7_74,chr7_75,chr7_76,chr7_77,chr7_78,chr7_79,chr7_80,chr7_81,chr7_82,chr7_83,chr7_84,chr7_85,chr7_86,chr7_87,chr7_88,chr7_89,chr7_90,chr7_91,chr7_92,chr7_93,chr7_94,chr7_95,chr7_96,chr7_97,chr7_98,chr7_99,chr7_100,chr7_101,chr7_102,chr7_103,chr7_104,chr7_105,chr7_106,chr7_107,chr7_108,chr7_109,chr7_110,chr7_111,chr7_112,chr7_113,chr7_114,chr7_115,chr7_116,chr7_117,chr7_118,chr7_119,chr7_120,chr7_121,chr7_122,chr7_123,chr7_124,chr7_125,chr7_126,chr7_127,chr7_128,chr7_129,chr7_130,chr7_131,chr7_132,chr7_133,chr7_134,chr7_135,chr7_136,chr7_137,chr7_138,chr7_139,chr7_140,chr7_141,chr7_142,chr7_143,chr7_144,chr7_145,chr7_146,chr7_147,chr7_148,chr7_149,chr7_150,chr7_151,chr7_152,chr7_153,chr7_154,chr7_155,chr7_156,chr7_157,chr7_158,chr7_159
ind_1,0,0,1,1,2,0,1,0,0,0,1,2,1,0,1,2,1,0,1,0,1,1,0,0,1,0,1,0,0,0,0,0,0,0,0,0,0,0,0,1,0,0,0,2,1,0,1,1,2,0,1,1,1,0,1,1,0,0,1,1,0,1,1,1,0,1,0,0,1,0,1,2,2,2,1,0,1,0,0,0,0,2,0,1,0,1,0,0,0,0,1,1,1,2,0,0,2,0,1,0,1,1,0,0,1,0,1,1,0,1,1,0,0,0,0,0,0,0,0,1,0,0,1,1,0,0,2,0,0,1,0,0,0,0,1,0,1,1,0,1,1,0,0,1,1,0,1,0,0,0,1,0,0,0,0,2,0,1,1
ind_2,1,2,0,1,0,1,0,0,0,0,0,2,0,0,0,1,0,1,2,0,0,1,0,0,0,1,1,0,0,1,0,0,1,0,0,0,0,1,2,0,1,0,1,1,1,0,0,0,0,0,2,0,0,2,0,1,1,0,1,0,0,1,1,0,1,1,0,0,0,0,0,0,2,0,1,2,0,1,1,1,1,0,1,1,1,1,1,0,0,1,1,1,0,0,1,1,0,0,0,1,0,0,1,1,1,0,1,0,0,1,0,0,0,1,1,1,2,0,2,0,0,0,0,0,0,1,0,2,0,1,0,1,0,2,1,0,0,0,1,0,1,0,0,2,0,0,0,1,1,1,1,0,1,0,0,0,0,2,0
ind_3,0,0,0,0,0,0,1,1,0,0,0,1,1,0,0,2,0,0,1,1,2,1,0,0,0,1,1,0,0,0,1,0,1,2,0,0,1,0,1,0,0,0,0,2,0,0,1,2,0,0,1,1,0,2,0,1,0,0,0,0,0,0,1,2,1,1,0,0,0,0,0,0,0,1,0,0,0,1,0,0,0,0,0,0,2,0,0,0,1,2,0,0,2,1,0,0,1,0,1,0,0,0,0,1,0,0,1,0,0,0,0,0,1,0,0,0,0,0,0,0,1,1,0,1,0,0,2,1,0,0,1,0,2,0,0,0,0,0,2,2,1,0,0,0,0,0,2,1,0,0,0,2,1,1,0,1,0,1,0
ind_4,0,1,0,0,0,0,1,1,1,0,1,0,0,1,1,0,1,0,1,0,0,0,0,1,0,0,0,2,0,0,0,0,0,0,0,1,0,0,0,1,0,0,0,0,0,0,0,0,0,1,0,0,2,0,2,0,0,1,0,1,2,1,1,0,1,1,0,0,2,1,0,1,0,0,0,0,0,0,1,0,0,0,0,2,0,2,2,1,0,0,2,1,1,0,1,1,2,0,0,1,0,2,0,0,1,2,0,0,0,0,0,1,0,1,1,0,1,0,0,0,1,2,0,0,0,0,0,0,0,0,0,1,1,0,1,0,0,2,0,0,1,1,0,0,0,0,0,0,1,0,0,1,0,0,0,1,0,1,0
ind_5,0,0,0,0,0,2,0,1,1,1,1,0,0,2,0,1,1,0,0,0,0,0,0,0,0,2,2,2,0,2,0,2,0,2,2,2,0,1,0,1,1,0,2,0,1,0,1,2,0,1,2,1,0,1,2,0,0,0,1,2,0,1,0,0,1,1,1,0,1,1,0,1,2,0,0,0,0,0,1,0,0,0,1,0,0,1,0,0,0,0,0,0,0,0,2,2,0,0,1,0,0,0,0,1,1,0,0,1,2,2,0,0,1,0,0,0,0,0,0,0,0,0,0,1,0,0,0,1,0,1,0,0,1,0,1,0,2,0,0,0,0,2,1,0,0,0,1,0,2,0,0,0,1,1,1,1,1,0,1
ind_6,2,1,0,0,1,0,0,0,0,0,1,0,0,0,0,1,0,0,0,0,0,0,1,0,0,2,0,0,0,0,1,1,0,0,1,0,2,0,0,2,1,1,0,0,2,1,0,0,1,0,0,0,0,0,0,1,0,0,0,0,1,0,0,0,0,0,0,0,1,0,0,0,1,2,0,0,1,0,1,1,0,0,0,0,2,2,0,1,0,0,1,2,2,1,1,0,0,1,0,0,1,1,1,0,0,0,0,2,0,0,1,0,0,0,2,0,0,0,0,0,1,1,0,0,0,1,2,1,0,0,0,1,2,0,0,0,0,0,1,0,0,0,1,0,1,1,0,1,0,1,1,2,0,2,0,1,0,0,1
ind_7,0,2,1,2,0,0,0,0,0,0,0,1,0,0,0,0,0,1,2,0,0,0,0,0,0,0,0,1,0,1,1,0,1,2,1,0,2,0,2,1,0,0,1,1,1,0,0,1,0,1,0,1,1,1,2,0,0,1,0,1,2,0,0,0,0,1,0,1,0,1,1,2,1,0,1,1,0,0,1,0,1,2,0,2,1,0,0,1,1,1,0,2,0,0,0,0,0,2,0,0,1,0,2,0,2,0,0,2,0,1,0,1,1,0,0,1,1,1,0,2,0,1,0,0,0,2,1,0,0,1,1,0,0,0,1,0,1,0,0,0,1,1,0,0,1,0,0,0,0,0,1,1,0,0,0,0,1,0,2
ind_8,1,0,0,2,0,0,0,0,0,1,1,0,0,0,1,2,0,0,0,0,0,0,0,0,0,1,1,1,1,1,2,0,1,2,0,0,2,2,0,1,0,0,0,0,1,0,1,1,1,0,0,0,2,0,0,0,1,0,1,0,0,0,0,0,1,0,0,0,0,1,0,0,0,0,0,1,1,1,2,0,0,0,1,0,0,0,0,0,1,0,0,1,1,0,0,0,1,0,0,0,0,1,2,0,1,0,2,0,0,0,0,0,1,0,2,0,1,1,0,2,0,0,1,0,0,0,1,0,0,1,0,0,1,0,0,2,0,0,1,0,1,1,0,2,1,0,2,0,0,0,1,2,0,0,0,0,1,0,0
ind_9,0,1,1,1,0,0,1,0,1,0,1,1,0,0,0,0,1,0,1,0,2,0,1,1,1,0,0,1,1,2,0,1,0,0,0,0,0,0,0,1,1,0,0,0,0,1,0,0,2,1,0,0,0,0,1,2,1,0,2,0,0,1,1,2,0,2,0,0,2,1,0,0,1,2,1,0,1,0,0,2,0,0,0,0,0,0,0,0,0,1,0,1,0,0,0,0,0,0,1,0,1,0,1,0,1,0,0,2,0,2,0,0,1,1,1,0,0,0,0,1,0,2,1,1,0,0,0,0,0,0,1,1,0,0,1,0,0,1,0,0,1,0,0,0,1,1,0,0,0,0,0,2,0,1,2,0,0,0,2
ind_10,0,1,0,2,0,1,0,0,2,1,0,0,0,0,0,0,0,1,0,1,0,0,0,1,2,0,0,0,0,0,0,1,1,1,0,0,1,1,0,0,0,0,1,0,2,1,0,1,0,0,0,0,2,1,0,1,0,2,0,0,2,0,0,0,1,1,0,1,1,0,0,0,2,0,0,0,0,0,1,0,1,0,0,1,1,0,2,0,1,1,0,1,1,0,0,0,1,1,0,0,1,0,0,0,1,0,1,1,0,1,1,0,0,0,1,0,0,1,0,0,1,0,1,1,1,1,1,1,2,0,1,0,1,1,0,0,0,0,1,0,1,0,0,0,1,0,1,2,0,0,1,0,0,0,0,0,0,1,1
ind_11,1,2,0,1,0,0,2,2,2,0,0,0,0,0,0,0,1,0,0,2,2,0,2,0,0,0,0,0,1,0,0,0,0,0,0,0,2,0,0,0,0,0,0,1,0,1,1,0,2,0,1,0,0,1,1,0,2,1,2,0,0,1,0,0,2,1,0,0,0,0,0,0,0,1,1,0,1,0,0,0,0,2,1,1,0,1,0,0,1,0,1,0,0,1,0,1,1,1,1,0,0,1,1,0,0,2,1,0,0,0,0,0,0,0,0,1,0,0,0,1,2,0,0,0,2,0,1,1,0,0,0,0,0,0,1,0,2,0,0,1,1,1,2,1,0,1,0,1,0,1,0,2,0,0,1,1,1,1,1
ind_12,0,0,0,2,0,0,0,0,0,0,1,0,0,0,0,0,1,1,1,0,1,0,0,0,0,1,2,0,2,1,0,0,1,0,0,0,0,1,0,1,1,0,1,1,0,1,1,0,1,0,0,1,1,0,0,0,0,1,0,0,0,0,0,2,1,1,0,0,0,0,0,1,0,0,0,2,0,0,0,1,2,0,1,0,2,2,0,1,0,0,2,1,0,1,1,0,0,0,0,2,1,2,0,0,1,0,0,1,0,0,0,0,0,1,0,2,2,1,1,1,0,2,0,0,1,0,0,1,0,1,0,1,0,1,0,1,0,0,2,2,2,1,0,0,0,1,0,0,1,0,2,0,0,1,1,2,0,0,0
ind_13,1,2,2,1,1,2,2,0,0,2,0,0,1,1,1,1,0,0,1,0,0,0,0,2,1,0,0,1,1,1,0,1,0,1,0,0,0,0,0,0,0,1,0,0,0,0,2,1,0,1,1,0,1,0,0,0,0,1,0,0,0,0,2,2,1,1,2,0,1,1,2,0,0,0,2,2,1,0,0,0,0,0,0,0,1,0,0,0,0,0,2,0,1,2,0,0,2,1,0,1,2,0,1,2,2,0,0,2,1,2,1,1,0,1,1,1,0,1,0,1,0,0,0,1,0,0,0,1,1,1,1,2,1,2,0,0,0,2,0,0,0,0,2,0,0,0,0,0,1,0,0,1,1,1,1,0,1,0,1
ind_14,0,2,1,0,1,0,1,0,1,1,0,1,0,1,2,0,0,1,0,0,0,1,0,1,1,0,0,0,0,0,1,0,0,0,0,2,1,1,0,2,0,0,0,1,0,1,0,0,0,1,0,0,0,0,0,0,0,0,0,0,0,0,1,1,0,0,0,1,0,2,0,0,0,1,0,0,0,0,0,0,2,1,0,0,0,0,1,0,1,0,2,0,0,0,0,0,0,0,0,0,1,0,1,0,0,0,0,1,2,1,0,1,1,2,0,1,0,0,2,1,2,1,0,1,1,0,1,0,0,0,0,0,0,0,1,2,0,1,1,0,1,2,1,1,1,1,2,0,0,0,0,0,0,0,0,0,1,1,0
ind_15,0,1,0,0,0,0,1,0,0,0,2,0,2,0,0,0,0,0,0,1,0,1,0,0,0,0,2,2,0,1,0,1,0,1,0,1,0,0,2,0,0,0,0,0,0,1,1,1,0,0,1,0,0,0,0,2,0,2,1,0,0,0,2,1,1,0,1,0,1,0,2,1,1,2,0,2,1,1,0,1,1,1,0,0,1,0,1,1,0,0,1,2,2,0,0,2,1,0,0,0,1,1,0,1,0,0,1,1,1,0,1,0,1,0,0,0,0,1,0,1,0,0,1,0,0,0,0,0,0,0,1,0,2,2,0,0,0,0,0,1,0,0,0,0,0,1,0,1,0,0,0,0,2,0,1,1,0,0,0
ind_16,0,0,0,0,0,1,1,0,1,0,2,0,0,0,0,2,0,0,1,0,1,0,1,0,0,2,0,0,0,1,0,0,0,0,0,1,2,0,1,1,0,0,2,0,1,1,0,1,0,2,2,1,1,1,1,1,2,0,0,0,2,1,0,0,0,1,2,0,0,1,0,1,1,0,1,1,0,1,1,2,1,0,1,0,0,1,0,0,1,1,0,0,0,1,0,2,1,1,0,0,1,0,1,1,1,0,1,0,1,0,0,1,0,0,2,1,1,0,0,0,0,0,0,1,0,0,1,0,0,0,0,0,1,0,2,0,0,0,2,0,0,0,0,1,1,0,0,0,2,1,0,1,2,1,1,0,0,0,0
ind_17,1,0,0,1,0,0,1,1,2,1,0,0,1,1,0,1,1,0,0,0,0,0,0,0,0,0,0,1,2,1,0,1,1,2,1,0,0,0,0,0,1,0,0,0,0,0,0,2,0,1,1,0,0,0,0,0,2,0,1,1,0,1,0,1,0,0,0,0,1,0,0,0,1,0,1,0,0,0,0,0,0,0,0,0,0,0,0,1,0,0,0,1,1,0,0,1,0,0,0,2,0,1,0,1,0,1,1,0,0,0,0,1,0,0,1,0,0,2,1,1,0,1,2,1,0,2,0,1,0,0,1,0,0,0,0,0,0,0,0,0,2,0,0,1,0,0,1,1,2,0,0,1,0,1,0,2,0,1,0
ind_18,0,0,0,1,0,0,0,0,1,1,0,0,0,2,0,0,2,2,1,0,1,2,1,0,0,1,0,2,0,0,1,0,0,0,1,1,1,1,0,0,1,1,2,0,0,2,1,1,0,0,1,0,0,0,0,2,1,1,1,0,2,1,1,1,0,1,0,0,0,1,0,0,1,0,0,1,0,0,0,1,0,0,1,1,2,1,1,1,1,1,0,0,1,0,0,0,1,1,0,0,2,1,1,0,1,0,1,1,0,0,0,1,1,2,1,0,0,0,0,0,0,0,2,0,0,0,0,1,1,1,0,1,0,0,0,2,0,0,2,1,0,0,0,0,0,0,0,0,0,1,0,0,1,1,0,2,0,1,1
ind_19,0,0,0,0,1,0,0,0,0,0,0,2,1,1,0,0,0,1,0,1,0,2,0,0,1,1,1,0,1,1,0,2,0,0,1,1,0,0,0,0,1,1,0,0,0,0,0,1,1,0,0,1,1,0,0,1,2,1,0,0,0,0,1,1,2,0,0,0,1,1,1,1,2,0,1,1,0,0,0,0,0,2,0,0,2,2,1,2,0,0,0,1,0,0,0,0,0,1,0,2,1,0,1,0,0,0,1,0,1,0,0,0,0,0,0,1,1,1,0,0,0,1,1,0,0,0,1,0,2,1,0,0,0,1,1,0,0,1,0,2,1,0,0,2,0,0,0,0,0,2,0,0,0,0,0,0,0,0,0
ind_20,0,1,0,0,0,0,0,0,1,0,0,0,0,1,1,0,1,0,0,0,0,0,0,0,0,0,2,0,1,0,0,0,0,1,1,0,2,0,0,2,0,0,0,0,0,1,0,1,1,0,1,0,0,0,1,0,0,0,0,0,0,1,0,0,0,2,1,0,1,0,0,1,0,0,0,0,0,2,0,1,2,0,0,0,1,0,1,0,1,0,0,0,1,1,1,1,0,0,0,0,1,1,2,0,0,1,1,1,0,0,0,1,0,1,1,0,0,0,0,1,1,0,0,0,0,0,0,2,0,1,1,0,2,0,0,0,0,1,0,0,0,0,0,0,0,1,0,0,1,0,0,1,1,0,0,0,0,1,0
ind_21,1,2,0,0,0,1,1,0,0,1,1,0,1,0,0,1,1,1,0,2,1,0,1,1,0,0,1,0,1,0,2,0,1,0,0,2,0,0,1,0,2,0,0,0,0,0,2,1,1,0,2,0,0,2,0,0,1,0,0,1,0,1,2,2,0,1,1,2,2,0,0,0,0,1,0,0,0,0,0,0,1,0,0,0,1,2,0,1,1,1,0,1,0,1,0,2,0,2,0,0,0,0,1,1,0,0,2,0,1,0,0,0,0,0,0,0,1,1,0,0,0,0,0,0,0,0,0,0,1,0,1,1,0,1,0,0,1,1,0,1,1,1,0,1,0,1,0,2,0,0,1,1,0,0,1,2,1,0,0
ind_22,0,1,1,0,1,0,0,0,1,1,0,0,1,1,2,0,0,0,0,0,0,0,0,2,0,1,0,0,0,1,0,2,0,0,1,2,0,0,1,0,1,2,0,0,1,1,0,0,1,2,0,0,0,2,0,0,0,0,1,1,0,0,0,2,0,1,0,1,0,0,2,1,0,0,2,2,0,0,1,0,1,0,0,0,1,1,0,0,0,1,1,1,1,0,0,0,0,0,1,0,0,2,0,2,0,0,1,1,2,1,1,0,0,1,2,0,1,1,0,0,2,0,0,1,1,0,2,1,0,0,0,0,0,2,0,1,1,1,1,2,0,1,0,0,0,1,1,2,0,0,0,1,2,1,1,1,0,0,0
ind_23,0,0,0,0,2,2,1,0,0,1,0,0,2,0,0,0,0,0,0,0,0,0,0,0,0,0,0,0,1,1,0,1,0,0,0,0,0,1,1,0,0,1,1,1,1,0,2,1,0,2,0,0,0,2,0,1,1,0,0,1,2,0,1,1,1,0,0,0,1,1,0,0,0,0,0,0,0,0,0,0,0,0,1,0,0,1,1,0,1,1,0,1,0,0,0,0,1,0,1,1,2,2,0,1,0,0,0,0,1,2,0,0,0,0,0,1,2,0,0,1,1,1,1,1,0,0,1,0,0,1,0,0,0,1,0,0,1,1,1,1,0,2,0,0,1,0,2,0,0,0,0,0,1,1,0,0,0,0,0
ind_24,0,2,0,0,0,0,2,0,2,0,0,0,0,2,1,0,2,0,0,0,0,1,0,2,0,0,1,0,1,1,1,1,1,0,0,0,0,1,0,0,1,1,0,0,2,1,0,2,0,1,0,1,1,0,1,0,2,0,0,2,1,0,1,1,0,0,2,0,0,1,0,0,0,0,0,1,1,0,0,0,1,0,0,0,1,0,0,0,0,1,0,1,0,1,1,0,1,1,2,0,0,1,0,0,0,2,0,0,1,1,1,1,0,1,0,1,0,0,0,1,0,0,1,1,0,0,0,1,0,0,1,1,0,0,0,0,2,0,0,0,0,1,0,0,0,0,1,0,0,0,1,0,0,1,0,2,0,1,0
ind_25,0,0,1,1,0,0,0,0,0,0,0,0,0,0,0,1,0,0,0,0,2,0,1,0,2,0,0,1,0,1,2,0,0,0,0,0,0,0,0,1,1,0,0,0,1,1,1,0,0,0,1,0,0,1,0,0,0,0,0,0,1,0,0,0,0,1,0,0,1,0,0,2,1,1,0,1,0,0,0,0,0,0,2,0,0,1,2,0,1,1,1,0,0,0,1,0,0,1,1,0,1,0,1,0,1,0,0,0,0,0,0,1,2,0,0,0,0,0,0,1,2,2,0,0,1,1,1,2,0,0,2,1,0,0,2,1,0,1,1,0,0,0,0,1,1,1,0,0,0,0,0,0,0,1,0,2,0,1,0
ind_26,1,2,1,1,1,1,1,2,0,0,0,1,0,0,2,1,2,0,0,0,1,0,2,0,2,0,0,0,1,0,0,0,0,0,0,0,1,1,0,0,0,0,0,0,0,0,1,0,1,0,2,1,2,0,1,1,0,0,0,0,1,0,2,0,0,1,0,0,2,1,0,1,1,2,1,0,0,0,0,0,0,0,1,0,0,2,0,1,0,2,0,0,0,1,1,0,1,0,0,0,1,1,0,0,1,1,1,0,0,0,0,0,0,1,1,0,0,0,1,2,1,2,1,0,1,0,0,1,1,0,0,0,0,0,2,0,0,0,1,2,1,1,0,0,0,0,0,0,2,0,0,2,1,0,0,0,1,1,1
ind_27,0,1,1,1,0,0,0,1,0,0,0,1,0,2,2,0,0,0,1,0,2,1,0,1,2,0,0,0,0,0,1,2,0,0,2,0,2,0,1,0,0,0,0,2,1,0,0,1,0,1,0,0,2,0,0,0,0,1,0,0,0,0,1,1,0,0,0,0,1,2,1,0,1,0,0,0,1,0,0,0,1,0,1,0,0,0,1,1,0,2,0,1,2,0,1,0,0,0,0,0,0,1,1,0,1,1,0,1,0,0,1,2,0,0,0,0,0,1,1,2,1,1,0,0,2,1,1,1,1,1,1,0,2,2,0,1,0,1,0,0,0,2,1,1,1,1,0,1,0,0,1,1,1,0,0,2,1,1,0
ind_28,0,1,0,0,0,0,2,0,0,0,1,0,2,0,0,0,1,1,0,0,1,1,0,2,0,0,0,0,0,1,0,2,0,1,1,0,0,0,0,0,1,0,0,0,1,2,0,0,1,0,0,0,0,1,0,1,0,1,0,0,0,0,1,1,0,1,0,1,0,0,0,0,2,0,0,0,1,1,0,0,0,0,1,0,0,0,0,0,1,1,1,0,0,2,1,0,0,1,2,0,1,0,1,0,1,0,1,1,1,1,1,0,0,0,0,0,1,0,1,0,1,1,0,0,2,0,1,2,0,0,0,0,2,0,0,0,1,0,0,0,2,0,2,0,0,0,0,1,0,1,1,0,1,0,1,1,0,1,0
ind_29,1,0,0,1,2,1,1,0,2,1,0,0,0,0,0,0,0,0,0,0,0,0,0,2,1,1,0,1,0,0,1,1,1,0,1,2,2,1,0,1,0,1,2,0,0,1,0,0,0,0,0,2,1,0,0,1,0,0,2,0,0,0,1,1,2,0,0,1,1,0,1,0,0,0,2,0,0,0,2,0,0,2,1,0,0,0,0,0,0,0,0,0,1,0,1,0,1,0,1,2,0,0,0,0,0,1,2,0,0,0,0,0,0,0,2,1,0,0,1,2,0,0,0,0,0,0,0,0,1,0,0,0,0,0,1,0,0,0,2,0,0,0,1,0,2,1,1,0,0,1,0,1,1,1,0,0,0,0,1
ind_30,1,1,0,2,0,0,0,0,0,0,0,1,0,0,1,0,1,0,0,1,0,2,1,2,0,0,0,0,0,1,2,1,2,0,0,0,1,0,1,0,1,0,0,0,0,1,0,0,0,0,1,0,1,0,2,1,0,0,2,0,0,0,0,0,1,2,0,0,0,0,0,0,1,0,1,1,0,1,2,0,0,0,0,0,0,1,0,1,0,0,1,0,0,0,0,0,0,1,1,0,0,1,0,0,0,1,0,0,0,0,0,0,2,0,2,0,0,2,0,0,0,0,0,1,0,0,0,1,0,0,0,2,1,1,2,0,0,2,1,0,0,0,0,1,2,0,0,1,0,1,0,0,0,1,1,2,1,1,0
ind_31,0,0,0,0,1,0,1,1,0,1,2,0,0,0,2,1,0,0,0,0,0,1,1,2,1,1,0,0,0,1,0,0,0,0,0,1,0,0,0,1,0,2,0,0,0,1,0,0,1,1,1,1,0,0,1,2,0,0,0,2,0,1,1,0,0,1,0,1,0,0,0,0,0,0,1,1,0,1,1,1,0,0,0,0,1,0,1,0,2,0,1,1,0,1,1,1,0,1,0,1,0,0,0,0,0,0,0,1,2,0,0,1,0,0,2,1,0,0,1,2,1,0,1,0,0,1,0,1,1,1,1,0,0,2,1,1,0,0,1,0,0,1,0,1,0,0,1,1,0,2,0,0,0,2,0,0,1,0,0
ind_32,1,2,0,0,0,0,2,0,1,1,0,0,0,0,1,2,1,1,0,1,1,1,0,0,0,1,0,1,0,0,0,1,0,2,0,0,1,0,0,0,0,0,0,0,1,0,0,1,0,1,0,1,1,0,0,0,1,1,0,0,0,0,0,1,1,0,1,0,0,0,0,0,1,0,1,1,0,1,0,2,0,0,0,0,0,1,0,0,2,0,0,2,0,1,0,0,0,0,0,0,2,0,0,0,0,0,2,1,0,0,0,0,0,0,0,2,0,2,0,1,0,0,2,0,0,0,0,1,0,1,0,1,0,0,0,1,0,2,0,0,0,1,1,0,0,0,0,1,0,0,0,1,0,0,0,0,0,1,0
ind_33,0,0,0,0,0,0,0,0,2,0,0,1,1,0,0,0,0,0,0,0,0,1,1,0,1,0,0,0,2,2,0,1,1,1,1,1,0,1,0,1,0,0,0,1,0,1,0,0,0,1,0,1,2,1,0,1,0,1,1,0,0,1,0,0,1,0,0,1,0,0,0,0,2,0,0,0,0,2,0,0,1,1,1,0,1,1,0,0,0,0,1,1,0,0,0,0,0,1,0,1,0,1,0,0,1,1,2,0,1,0,1,0,1,1,0,0,0,0,1,0,2,0,0,0,1,0,0,1,1,0,1,0,0,0,2,0,0,1,1,0,0,0,2,1,1,0,0,0,1,2,0,0,1,0,1,0,0,0,0
ind_34,0,0,2,0,1,1,1,2,0,1,0,0,2,0,2,1,1,2,0,0,1,1,0,2,0,1,0,1,0,1,1,2,1,0,0,1,1,1,0,0,0,0,1,1,0,1,0,0,0,2,1,0,0,1,0,0,1,1,1,0,1,1,1,0,2,0,1,1,0,2,1,1,2,0,0,1,1,1,1,1,0,0,1,1,0,0,0,0,1,1,0,0,2,0,0,1,2,0,0,0,1,0,0,0,0,1,0,0,1,0,1,2,0,1,1,1,0,0,1,1,0,2,0,0,0,1,0,0,0,0,0,1,0,0,0,0,2,0,2,1,0,0,0,0,1,0,1,0,0,0,0,0,1,0,0,0,1,0,0
ind_35,1,0,0,0,0,0,0,0,1,0,0,1,2,0,0,0,0,0,1,0,0,1,0,1,1,0,0,1,2,0,0,1,1,0,0,0,1,0,0,0,1,0,2,0,1,0,0,1,0,1,1,2,0,0,1,0,1,1,1,1,2,0,2,1,0,0,0,2,0,0,0,0,1,0,1,0,0,1,0,0,1,2,2,0,1,1,0,2,0,0,0,1,0,1,1,0,1,0,0,0,1,2,0,0,0,0,2,1,2,1,0,1,0,0,0,0,1,0,0,2,0,0,0,1,0,1,1,1,0,0,0,1,1,0,1,1,0,2,0,2,0,1,1,0,0,0,0,1,0,0,0,1,0,0,0,0,0,1,0
ind_36,0,1,2,1,0,0,1,1,0,0,1,0,0,0,2,0,1,0,0,0,0,0,0,2,2,0,0,0,0,0,0,0,0,1,0,0,0,0,0,0,0,1,0,0,1,0,0,2,2,1,0,2,0,0,1,0,1,1,0,0,0,0,0,2,0,1,0,2,0,1,0,0,0,0,0,0,0,0,0,0,1,1,0,0,1,0,1,1,0,2,0,0,0,0,1,1,0,0,1,0,0,0,0,1,0,0,0,1,1,2,0,0,0,1,0,1,1,0,0,1,1,0,0,0,0,0,0,1,0,0,2,1,0,0,2,2,0,0,0,2,2,1,0,1,0,0,1,1,2,1,0,0,1,0,0,1,2,0,0
ind_37,1,0,0,0,0,0,2,1,1,0,1,1,0,0,0,0,2,0,0,1,1,1,0,1,0,0,1,0,0,1,0,0,1,1,1,2,0,0,0,0,0,0,1,0,0,1,0,0,1,1,2,2,0,0,1,0,0,1,0,0,2,0,1,1,0,0,0,1,0,2,0,1,0,0,0,1,1,1,0,0,1,1,1,0,1,1,1,0,1,0,0,0,0,0,0,0,0,0,1,0,0,1,0,0,0,2,0,0,1,0,2,1,0,0,0,0,1,1,2,2,1,1,1,0,0,0,0,0,1,0,0,0,0,0,0,0,1,1,0,0,0,2,0,0,2,1,2,0,0,1,0,0,2,1,1,0,1,0,0
ind_38,0,0,2,0,1,1,0,1,0,1,1,0,0,0,1,0,0,1,2,0,1,0,1,1,1,0,0,1,0,0,0,0,1,1,0,2,1,0,2,1,0,2,1,0,0,0,0,2,1,0,1,1,1,1,0,0,0,1,0,0,1,1,1,1,1,1,0,1,1,2,0,0,1,0,0,1,0,1,0,0,1,1,0,0,0,0,0,1,2,2,0,0,0,0,1,0,0,1,0,0,0,0,1,0,0,0,1,0,1,0,0,1,1,2,0,0,2,0,0,0,0,0,0,0,0,0,0,0,0,0,0,0,0,1,1,0,0,1,1,0,1,0,0,2,0,0,0,0,1,0,0,0,0,1,0,1,2,0,0
ind_39,0,2,0,1,1,2,1,0,0,0,0,0,0,0,0,2,1,0,0,1,1,0,1,0,1,0,0,0,0,1,0,0,0,1,2,0,0,0,0,0,0,1,1,0,0,0,0,1,1,1,0,0,1,1,1,0,0,1,0,2,0,1,1,0,0,1,1,0,0,0,0,1,1,1,0,1,0,0,0,0,0,0,2,1,0,0,0,0,1,0,2,0,0,0,2,0,1,0,1,1,0,0,0,1,0,2,0,0,0,1,1,1,0,1,1,1,1,2,1,0,1,2,0,0,0,0,1,1,1,1,0,0,0,0,0,0,0,0,0,0,1,2,0,2,0,0,0,0,0,0,0,1,0,0,0,0,0,0,1
ind_40,0,0,0,0,2,2,0,0,1,0,1,0,0,0,1,0,1,0,1,1,0,1,2,1,0,0,0,1,0,1,1,0,0,1,0,1,0,0,1,0,0,0,0,1,0,0,1,0,1,0,0,0,1,0,0,1,0,0,2,0,0,0,0,0,0,1,0,1,2,0,1,1,1,0,0,0,0,0,0,1,2,0,0,0,0,0,0,1,1,1,0,1,1,0,0,0,1,2,0,0,0,0,1,0,1,1,0,0,1,0,1,2,1,1,0,0,1,1,0,0,2,0,1,0,0,2,0,1,0,0,0,0,0,2,1,0,2,0,1,0,0,0,0,2,1,1,0,0,0,0,2,1,0,0,0,0,0,0,0
ind_41,0,1,2,2,0,0,0,2,0,1,0,0,0,0,0,1,0,1,0,0,1,0,2,2,0,0,0,0,0,0,0,0,2,0,0,1,1,0,0,1,2,0,2,0,0,1,1,0,0,1,1,0,1,0,0,0,0,0,1,0,0,0,0,1,0,1,1,2,1,2,1,0,0,0,0,0,2,1,1,0,0,1,2,1,0,1,0,1,2,1,1,0,0,0,1,0,1,0,1,1,1,2,0,0,0,0,1,2,0,0,1,1,0,2,0,2,0,1,1,1,1,1,0,0,1,1,0,0,0,1,2,0,0,0,1,0,0,1,2,0,0,1,2,1,0,0,0,1,0,0,1,1,2,0,0,1,2,1,0
ind_42,0,1,0,0,0,0,2,1,0,0,0,0,0,0,0,0,0,0,0,0,0,0,0,0,2,0,0,1,0,0,0,0,1,0,0,0,1,1,1,1,1,1,2,0,1,1,0,1,0,1,0,1,2,1,0,1,0,1,0,2,0,0,2,1,0,0,1,1,0,1,2,0,0,1,0,2,2,0,0,0,2,0,1,0,0,0,0,0,0,1,1,0,1,0,2,1,0,1,0,2,0,2,0,0,1,0,2,0,1,2,1,1,2,2,0,0,1,2,1,0,1,1,1,2,2,1,0,1,0,0,0,0,0,1,0,0,2,0,1,0,2,0,0,1,0,0,0,0,0,1,0,0,0,1,2,2,0,0,0
ind_43,1,2,1,0,0,1,1,0,0,1,0,0,1,0,0,0,1,0,0,1,0,1,0,0,0,2,0,1,0,0,2,0,1,1,0,0,1,0,0,0,0,0,0,0,0,1,0,0,1,1,0,0,1,1,2,0,0,0,1,1,0,0,2,0,0,0,0,0,0,0,2,0,1,0,0,2,1,2,1,1,1,0,0,0,2,1,1,2,1,0,1,2,0,1,0,1,1,0,0,0,0,0,1,0,1,0,0,2,0,0,0,1,2,1,0,0,0,0,1,1,0,1,0,0,1,0,1,2,0,0,0,1,1,0,0,0,1,1,0,0,0,1,0,0,0,0,0,1,0,0,0,1,0,1,2,1,0,2,1
ind_44,1,0,0,0,0,1,0,0,1,2,2,2,0,1,0,0,1,0,0,0,0,0,1,1,1,0,1,1,0,0,0,0,1,0,0,0,0,0,1,1,0,0,1,1,1,1,0,1,2,1,0,1,0,0,0,0,1,0,1,1,1,0,1,1,1,0,0,0,0,0,0,0,0,2,1,1,0,0,0,0,0,1,1,0,0,1,0,1,1,1,0,0,1,0,0,2,0,0,0,0,1,0,0,2,2,0,0,2,0,1,0,0,0,0,1,1,0,0,0,0,0,0,0,0,0,0,1,0,1,0,0,2,1,0,0,1,1,1,1,0,1,1,0,0,0,0,0,0,0,1,0,2,1,0,0,1,0,0,0
ind_45,1,0,0,0,0,0,0,0,0,1,0,0,0,1,0,1,0,0,2,1,0,2,1,0,0,1,0,0,0,0,1,1,0,0,0,0,1,0,0,1,0,1,1,0,0,0,2,1,2,0,1,0,1,1,1,2,1,0,0,1,2,0,0,1,2,0,1,0,0,1,0,1,0,0,1,1,0,0,0,1,0,0,0,0,1,1,0,0,0,2,1,1,0,0,0,0,1,0,0,0,1,0,2,1,0,1,2,0,0,0,0,1,0,1,1,2,0,1,1,0,0,0,2,2,1,0,1,1,1,2,2,1,2,0,2,0,1,0,1,0,0,0,0,0,1,1,1,0,0,0,0,0,0,1,0,0,0,0,0
ind_46,0,0,1,0,0,0,1,0,0,0,1,1,2,1,0,1,0,1,0,0,1,2,0,0,1,1,1,0,2,0,0,0,0,0,1,1,0,1,1,1,0,2,0,0,1,1,2,0,0,1,1,0,0,0,0,1,1,0,1,1,1,1,0,0,0,0,0,1,0,0,0,0,1,0,0,1,1,0,0,1,1,1,0,0,2,2,2,1,1,0,0,1,1,0,2,0,0,0,1,0,0,0,0,0,1,0,1,0,1,1,0,2,0,1,1,0,0,0,1,0,0,0,0,1,0,1,1,0,0,0,0,0,0,0,0,1,0,1,1,0,2,0,0,0,0,0,0,1,0,0,0,0,2,0,0,0,0,1,1
ind_47,1,0,1,0,0,0,1,2,0,0,2,0,1,0,0,0,0,0,0,0,0,1,0,2,1,1,0,0,1,0,1,0,0,0,1,2,0,0,1,0,1,0,1,1,0,1,0,1,1,1,0,0,1,2,1,0,0,1,0,0,0,0,0,2,1,0,1,2,0,0,1,2,0,0,1,0,0,0,1,0,0,0,0,0,2,0,0,1,0,0,1,0,0,2,0,0,0,0,0,0,0,0,0,0,0,1,0,0,0,1,0,1,1,0,1,0,0,0,0,0,1,1,0,1,0,0,0,0,0,0,0,0,2,1,1,0,0,0,0,1,1,1,2,0,1,0,0,2,0,0,0,0,1,2,0,0,0,0,1
ind_48,0,0,0,0,0,0,1,0,1,0,2,0,0,0,0,0,0,0,1,1,0,0,1,1,0,0,0,0,1,1,0,1,1,0,1,0,0,1,0,0,0,0,0,0,0,0,0,1,1,0,0,0,1,1,1,0,0,0,0,1,1,0,1,0,1,1,1,2,1,0,2,1,0,0,1,0,0,0,1,0,0,0,0,1,1,0,0,1,1,0,0,0,2,0,0,1,0,0,1,2,0,0,2,0,1,0,0,0,2,2,0,0,0,0,0,2,2,2,1,2,0,0,0,0,0,1,0,0,0,0,0,0,0,0,0,2,0,0,1,0,1,0,2,0,1,0,1,0,0,1,0,0,0,0,1,0,2,0,0
ind_49,1,2,2,2,1,1,0,0,1,1,1,0,0,0,1,0,0,2,0,0,0,1,2,1,0,0,0,0,0,2,1,1,0,1,0,2,0,0,1,0,0,0,0,0,1,2,1,2,0,2,0,1,1,1,0,0,0,1,0,2,0,0,0,1,0,0,0,0,1,0,1,0,0,0,0,2,0,0,1,2,1,0,0,0,0,0,0,2,0,2,0,0,1,0,0,1,1,1,0,1,1,2,2,2,2,1,1,0,0,2,1,1,0,1,0,1,1,0,0,1,0,0,1,1,0,0,1,0,0,1,1,1,0,2,0,0,0,0,0,0,0,0,2,0,0,1,0,0,2,0,0,0,2,0,0,0,1,0,0
ind_50,0,1,0,1,0,0,0,0,2,0,0,0,0,0,0,0,1,0,0,0,1,1,1,1,2,1,0,1,1,0,1,0,0,2,2,0,0,2,0,0,0,0,2,1,2,1,0,0,1,0,1,0,0,0,0,2,0,0,0,1,0,2,1,1,1,0,0,0,0,0,2,0,1,0,1,1,0,0,1,1,0,2,0,1,0,1,1,0,1,2,0,0,1,1,0,0,0,0,0,0,0,0,0,0,2,1,0,2,0,0,0,0,1,0,1,0,2,1,1,0,0,1,1,1,1,0,0,0,1,1,0,0,0,0,1,1,0,1,1,0,1,0,1,0,0,1,0,0,1,0,1,0,0,0,0,1,0,0,0
ind_51,2,0,1,1,0,0,0,0,0,1,0,0,0,0,0,0,1,0,0,0,0,1,1,0,1,0,1,0,0,1,0,0,2,0,1,1,1,0,0,0,0,0,0,1,0,0,0,0,0,1,1,0,1,2,0,1,0,0,1,2,1,1,2,1,1,1,2,0,0,2,2,0,0,1,1,0,1,1,1,1,0,1,1,1,0,0,0,1,1,1,0,0,1,1,1,0,0,2,0,0,0,0,1,0,0,0,1,0,1,0,0,0,2,2,1,1,0,1,0,0,2,0,0,2,0,0,0,1,2,0,0,0,1,1,0,0,1,1,1,2,0,0,2,2,1,0,0,2,1,0,1,0,0,2,1,0,0,1,0
ind_52,0,1,0,0,0,1,1,0,2,1,1,1,2,1,2,1,1,2,1,0,0,0,0,0,0,0,1,0,0,1,0,0,0,1,0,0,0,0,0,0,0,0,0,0,1,0,0,0,0,1,0,1,2,0,0,1,0,1,1,1,1,1,0,1,0,1,0,1,0,0,0,2,0,0,0,2,2,2,1,2,0,2,0,0,1,2,0,2,1,0,2,1,0,0,1,1,0,1,1,0,0,0,0,0,0,1,2,0,1,1,0,0,1,1,0,0,0,0,0,2,0,0,1,0,1,0,1,0,1,2,0,0,1,0,0,0,1,0,0,0,0,0,0,0,0,1,0,1,1,1,1,0,0,0,0,0,1,1,0
ind_53,0,1,0,0,0,0,0,0,1,1,1,0,0,0,0,0,0,0,0,0,0,1,0,0,0,1,0,0,1,1,0,0,1,1,0,0,1,0,0,0,0,1,2,1,1,0,2,2,0,1,1,0,0,0,0,0,1,1,0,1,1,0,1,1,0,1,1,0,0,0,1,0,0,0,0,1,2,1,0,0,0,0,0,0,1,1,1,1,0,1,1,0,0,0,0,1,0,1,0,0,0,0,1,0,1,0,0,1,0,0,0,0,0,1,1,2,0,0,0,0,1,0,1,2,1,0,0,0,0,0,0,1,1,1,0,0,0,0,0,0,0,0,0,1,1,0,0,0,0,0,1,0,1,1,0,1,1,0,1
ind_54,0,0,0,0,1,1,1,2,2,0,2,0,0,1,0,0,1,0,1,1,1,0,1,0,1,2,0,1,0,2,2,1,0,2,0,0,1,0,1,1,1,1,1,0,0,1,1,1,0,2,0,0,0,1,0,0,0,0,1,0,0,2,0,0,1,0,1,1,0,0,1,0,1,1,0,0,0,0,0,0,0,0,1,1,0,0,1,0,2,0,0,0,1,0,0,1,1,2,1,1,0,0,1,0,0,0,2,1,0,1,0,1,2,1,0,0,1,0,2,0,0,0,1,1,0,1,0,0,1,2,2,0,0,0,1,0,0,0,0,0,2,0,0,0,1,2,2,0,0,1,2,2,0,0,0,0,0,0,0
ind_55,0,0,0,1,0,0,1,0,2,0,2,0,1,0,1,1,0,0,0,0,0,0,0,1,0,0,1,1,2,0,0,1,1,1,0,2,1,1,0,0,0,1,0,2,0,1,1,1,0,1,1,1,2,0,2,2,1,0,0,1,2,0,0,1,1,2,0,0,1,1,1,1,0,1,2,1,1,1,1,1,0,0,1,1,0,0,1,1,0,0,0,1,0,0,0,1,0,1,0,0,2,0,1,2,2,1,0,1,0,0,0,0,0,2,0,0,1,0,1,1,0,0,1,0,0,0,1,0,1,0,1,2,2,2,0,2,0,0,0,0,0,1,0,0,0,0,2,0,0,0,0,1,0,0,0,0,1,2,0
ind_56,0,1,0,1,0,2,0,1,0,0,0,0,0,0,0,0,0,0,1,1,2,0,1,1,2,1,0,1,0,0,1,1,0,0,1,0,1,1,0,0,2,0,2,1,0,0,0,1,0,0,1,1,0,0,1,0,0,1,1,1,0,0,0,0,0,0,0,1,0,0,0,0,0,1,0,1,1,0,0,0,0,2,0,1,1,0,0,1,1,0,0,1,1,0,0,0,0,0,2,0,0,0,1,0,1,1,0,0,0,1,0,0,1,0,1,1,0,0,0,0,1,0,0,0,0,0,0,0,0,0,1,0,0,0,1,0,0,0,1,0,0,1,1,0,0,0,1,0,1,0,2,1,0,0,0,0,0,0,1
ind_57,0,0,0,0,0,0,2,0,1,2,1,0,0,1,1,0,0,0,0,1,1,0,0,1,0,1,1,0,1,1,0,0,1,2,0,0,0,0,1,1,0,0,0,1,2,2,0,2,0,1,0,1,0,0,2,1,0,0,1,0,2,0,0,1,0,0,0,1,0,2,1,0,1,0,0,0,0,1,0,0,1,2,1,0,0,1,0,0,0,0,2,0,0,1,0,2,1,1,0,0,1,1,2,0,0,0,0,0,0,1,0,0,0,1,0,1,0,1,1,0,2,2,0,1,0,0,0,0,0,1,1,0,0,0,0,0,1,0,1,0,1,0,0,2,0,0,0,1,0,1,0,0,1,0,1,1,0,0,0
ind_58,0,1,0,0,0,2,1,1,2,0,1,0,0,1,0,0,0,1,0,1,1,0,0,0,2,0,0,0,0,2,0,0,1,0,0,1,0,1,0,0,2,0,0,2,2,1,0,0,0,0,2,0,2,0,0,0,1,0,1,1,0,1,0,0,1,0,0,0,1,0,0,0,0,1,0,1,0,0,1,1,0,0,1,0,1,1,1,0,0,0,1,1,0,0,1,1,0,1,0,0,1,1,0,1,2,0,0,0,0,0,1,0,1,0,1,1,0,0,2,1,0,0,0,0,1,0,0,1,1,2,1,0,2,1,0,0,1,0,0,1,0,0,1,1,1,1,0,0,0,0,2,0,1,0,1,0,0,1,0
ind_59,0,1,2,1,0,0,0,0,0,0,1,0,0,0,0,0,1,1,0,0,0,2,0,0,0,1,0,1,1,2,1,0,2,1,0,0,0,1,1,0,0,2,0,0,1,0,0,0,0,1,0,1,0,0,1,0,2,0,0,0,0,0,1,0,1,0,1,0,1,1,1,0,0,0,2,2,0,0,0,1,0,0,0,0,1,0,1,0,0,1,0,0,2,0,1,2,0,2,0,0,0,0,1,0,0,0,0,0,1,1,1,2,2,2,0,0,2,0,0,0,0,1,0,0,1,0,1,0,1,1,0,1,1,0,1,0,1,0,0,1,1,0,1,0,1,0,0,0,1,0,2,0,0,0,2,0,1,1,0
ind_60,2,0,0,0,1,0,2,1,1,1,0,0,0,0,0,1,1,0,0,1,0,0,0,1,0,1,0,1,0,1,2,0,0,2,0,1,0,0,0,0,0,0,1,0,0,0,0,2,0,2,1,1,0,1,2,0,1,0,1,0,0,0,1,1,1,0,1,1,0,1,1,0,1,1,1,0,2,0,1,0,1,0,1,0,1,0,2,1,0,1,0,1,0,2,0,2,1,0,2,1,1,1,2,1,0,0,1,0,0,2,2,0,1,0,1,0,0,2,0,1,0,1,0,0,0,1,1,0,0,0,0,1,0,2,0,0,0,0,2,0,1,0,0,2,2,2,0,0,0,1,0,1,0,1,0,0,2,1,0
ind_61,2,0,0,1,0,0,0,0,1,0,0,0,0,0,2,0,0,1,1,0,0,2,1,1,0,1,1,0,2,1,2,0,1,1,0,0,0,0,0,0,2,0,0,1,0,0,0,0,1,0,0,0,1,0,0,0,0,0,0,0,2,1,0,0,0,0,0,1,0,0,0,0,0,0,0,1,0,0,0,0,1,1,0,1,0,1,1,1,0,0,1,0,2,0,0,0,0,0,1,1,0,0,0,0,0,2,1,1,0,0,0,0,0,0,0,2,1,0,0,1,0,1,2,0,1,1,0,0,2,0,1,0,0,0,0,0,1,1,0,0,0,1,1,1,0,2,0,0,2,0,0,0,0,0,0,1,0,0,0
ind_62,0,0,0,1,0,0,0,1,0,0,1,0,0,1,0,0,0,0,0,0,0,0,0,2,0,2,2,0,2,1,0,2,0,0,0,0,1,1,2,0,1,0,0,0,0,0,2,0,0,0,2,0,0,0,0,2,1,1,2,2,0,1,0,2,0,0,1,0,0,0,1,1,1,0,0,0,0,0,0,0,2,2,2,0,0,1,0,0,1,0,0,1,0,0,0,0,1,0,0,0,0,0,0,2,0,0,0,0,0,1,0,0,0,2,0,0,0,1,2,0,0,2,0,0,1,0,1,1,1,1,0,2,0,0,0,0,0,0,1,0,0,1,1,0,2,0,0,1,0,0,0,0,0,0,0,0,1,0,0
ind_63,2,0,0,1,1,1,0,1,0,0,1,2,0,0,0,0,1,0,0,0,1,0,0,0,0,0,0,1,0,0,0,1,0,1,1,0,2,0,0,1,2,0,0,1,0,1,0,2,1,0,0,0,1,1,0,0,0,0,1,0,0,0,0,1,0,0,1,0,1,2,2,0,0,1,0,0,1,0,0,0,2,1,2,0,1,0,2,0,0,1,0,1,0,1,1,0,0,0,0,0,1,0,0,2,0,0,0,1,0,0,0,1,1,0,2,0,0,1,2,0,0,1,0,0,1,0,1,0,0,0,1,0,1,0,1,0,1,0,1,1,2,1,1,0,0,0,0,0,0,1,1,0,0,1,0,1,0,1,2
ind_64,0,1,1,0,1,0,0,0,1,0,2,2,0,0,1,0,1,0,1,0,2,0,0,2,0,0,1,1,1,0,2,1,1,0,2,0,1,1,0,1,1,0,1,0,0,1,0,0,0,0,1,1,2,0,1,0,2,2,0,1,0,1,1,0,0,0,2,2,2,1,1,0,0,0,1,2,0,0,1,0,0,0,1,0,0,1,0,1,0,0,0,0,1,1,0,1,1,0,0,1,0,0,2,0,0,2,0,1,0,0,0,0,2,1,0,0,0,0,0,0,0,0,0,0,0,0,0,0,0,2,0,1,2,0,0,0,1,2,2,0,1,1,1,0,2,1,1,0,0,1,1,1,1,0,0,1,0,0,0
ind_65,0,2,0,0,1,1,0,1,0,2,1,1,1,0,0,1,2,0,0,1,1,0,0,0,1,1,0,0,0,0,2,0,0,0,1,0,1,0,0,0,0,1,1,0,0,1,2,0,1,1,0,1,0,0,0,0,1,0,1,0,0,0,0,1,0,1,2,1,0,1,1,0,0,0,2,0,0,0,0,1,0,1,0,0,0,0,1,1,0,0,2,0,0,0,0,1,0,2,0,0,0,0,1,2,1,2,0,1,0,0,0,0,0,0,0,2,1,1,0,0,0,1,1,1,0,1,0,0,1,0,1,0,0,0,1,0,1,0,0,1,1,0,1,1,1,0,0,1,2,0,0,1,1,0,0,2,0,0,0
ind_66,0,0,1,0,0,0,0,1,1,0,1,2,0,1,0,0,0,0,1,2,0,1,0,0,0,0,1,0,0,2,0,0,1,0,0,0,0,0,0,2,2,1,2,0,0,1,1,1,1,0,0,0,1,1,1,0,2,0,0,1,0,1,0,1,1,0,0,0,0,0,0,0,0,0,0,0,1,0,1,0,0,1,0,2,2,0,0,2,1,1,1,2,0,0,0,0,1,0,0,1,0,0,2,1,1,0,0,0,0,0,0,1,0,0,1,0,1,1,0,0,0,1,1,0,0,0,0,0,0,0,0,1,2,0,0,1,0,0,1,1,1,0,0,0,0,1,0,0,0,2,0,1,0,0,1,1,0,1,0
ind_67,0,0,0,0,2,0,1,0,1,2,0,1,0,1,2,0,0,1,2,0,0,0,1,0,0,2,2,0,1,1,1,0,1,0,2,2,0,0,1,0,1,0,2,2,0,0,0,0,1,0,1,0,0,0,1,0,0,1,0,1,1,1,2,0,0,0,1,0,0,0,0,0,0,0,0,0,0,0,2,0,0,0,1,0,2,0,0,0,1,0,1,1,1,0,0,0,1,2,0,2,0,0,0,0,0,0,1,0,1,1,0,0,0,1,0,1,0,0,0,0,1,0,0,1,0,1,0,0,0,0,0,1,1,1,0,1,2,2,0,2,1,0,0,1,1,0,0,0,0,0,0,1,0,0,0,1,1,1,0
ind_68,0,0,0,1,0,0,0,0,0,0,0,0,0,1,0,0,0,0,2,0,0,1,1,0,0,1,0,0,1,0,0,1,0,0,1,0,0,2,0,0,0,0,1,0,0,0,1,1,0,0,0,1,1,1,0,0,0,0,1,1,0,0,2,0,0,0,0,0,2,0,1,2,1,1,0,0,0,0,0,0,0,1,0,0,0,0,0,1,1,0,1,1,1,1,0,0,0,0,2,1,1,2,1,0,0,0,0,1,1,0,0,2,0,0,0,2,0,0,0,0,0,0,2,1,0,0,2,0,0,0,0,1,1,0,0,0,1,1,0,0,1,0,1,1,0,0,1,1,0,0,0,0,1,0,0,0,0,1,1
ind_69,0,1,1,2,1,0,0,1,0,0,1,0,1,0,1,1,1,0,0,2,1,0,1,1,1,0,0,1,0,1,0,0,0,0,0,0,2,0,0,0,0,0,0,2,0,0,0,1,0,1,2,1,2,1,1,2,0,0,0,0,1,1,1,0,0,0,0,2,0,0,2,1,0,0,2,0,1,0,0,0,0,0,2,0,0,1,0,2,0,0,0,1,0,1,0,2,0,0,1,2,1,1,2,0,0,1,0,0,0,2,1,0,0,1,1,1,0,0,0,0,0,1,0,2,0,0,0,0,2,1,1,0,0,0,1,1,0,0,1,1,0,1,1,0,0,1,0,0,1,2,0,1,0,0,0,2,2,1,2
ind_70,0,1,0,0,1,0,0,0,1,0,0,0,0,1,1,2,0,1,0,0,0,0,2,0,1,0,2,1,2,0,0,0,2,1,1,2,0,2,0,1,1,0,0,1,0,1,1,1,0,0,0,0,1,2,0,1,0,0,1,0,0,0,1,1,0,0,1,0,0,1,0,1,1,2,2,1,0,2,2,2,1,1,0,2,0,0,1,0,0,0,0,1,0,0,0,0,0,0,0,0,1,0,0,0,1,1,0,1,0,0,0,0,0,0,0,1,0,1,0,1,0,1,0,0,1,2,0,2,0,1,1,1,2,0,0,0,0,1,0,0,0,1,0,1,0,0,0,0,0,0,1,0,2,0,1,1,0,0,0
ind_71,1,0,0,0,0,0,0,1,1,0,0,0,0,0,0,0,0,0,1,0,1,1,0,0,0,2,0,0,0,2,0,1,0,0,0,1,2,0,1,1,0,0,0,0,0,0,1,0,1,1,2,0,1,0,1,0,1,0,0,0,0,1,0,0,0,0,0,2,2,0,1,1,1,0,0,0,0,0,0,1,0,1,0,0,1,1,1,0,0,2,0,0,0,0,2,0,1,2,2,0,0,0,0,1,0,0,2,2,0,0,0,2,0,0,0,1,1,1,1,0,2,0,0,0,0,0,1,2,0,1,0,0,0,2,1,0,0,0,1,0,0,1,0,1,0,0,1,2,1,1,0,0,1,0,0,0,0,1,0
ind_72,2,0,0,1,0,1,2,0,0,2,0,0,0,1,0,0,1,1,0,0,0,0,0,1,0,0,0,1,0,0,0,2,1,0,2,0,0,1,1,0,0,0,0,1,0,0,0,0,1,1,0,1,0,0,1,2,1,0,0,0,0,1,0,2,1,0,0,0,2,0,0,0,0,2,1,2,0,1,1,1,2,1,1,0,0,0,0,0,0,0,1,0,1,0,1,0,2,0,1,0,1,1,1,0,2,0,1,1,1,1,0,0,2,0,0,0,0,2,0,0,0,2,1,0,0,0,2,0,2,1,1,0,0,0,0,2,0,0,0,0,0,0,1,2,1,0,0,0,1,0,0,1,1,2,1,0,1,1,1
ind_73,0,1,0,1,1,1,0,1,0,1,0,0,0,1,2,0,0,0,1,0,0,0,0,1,1,1,0,1,2,1,0,1,1,0,2,0,0,1,1,0,1,1,1,2,0,0,0,1,1,0,0,0,0,2,1,0,1,0,0,0,2,0,0,0,1,0,0,1,0,1,0,1,0,1,1,2,0,0,0,0,2,1,0,2,0,1,2,0,0,1,0,2,0,1,1,0,0,1,1,0,1,2,1,0,0,1,2,0,0,0,0,0,0,1,1,0,1,1,0,1,1,0,0,0,0,0,0,0,2,0,0,0,0,1,0,0,0,1,0,0,0,1,0,0,2,0,0,0,1,0,0,0,0,2,2,0,0,0,0
ind_74,1,1,0,0,1,0,2,1,0,0,0,0,1,1,1,0,0,1,0,0,1,1,0,1,0,0,1,2,1,0,0,0,0,0,1,0,0,0,1,0,0,1,0,1,0,0,0,1,0,1,2,0,0,0,0,1,0,0,1,0,2,0,1,2,1,1,0,1,0,0,1,1,0,0,0,1,1,0,0,1,2,0,0,0,0,0,0,0,0,0,0,0,2,2,1,0,0,1,1,0,0,0,0,0,0,0,0,0,0,1,1,1,0,1,1,1,2,1,0,0,0,0,1,1,0,0,0,0,1,1,0,0,1,2,0,0,0,0,0,1,0,2,1,0,1,0,0,0,1,1,1,1,1,0,1,2,1,1,1
ind_75,0,1,0,0,0,0,2,1,0,0,0,1,0,0,0,0,1,0,2,2,0,0,0,0,1,1,1,0,0,1,0,1,0,0,2,0,0,0,0,0,0,0,0,2,1,0,0,0,2,0,0,0,0,0,0,0,2,1,2,0,0,0,0,0,0,1,2,0,0,1,1,0,0,0,1,0,1,0,1,2,1,0,0,1,1,1,0,0,1,0,1,0,2,0,0,0,1,0,0,0,1,0,0,0,0,0,0,0,0,0,0,2,1,0,0,1,0,2,1,0,0,0,0,1,0,0,1,0,0,0,0,0,0,2,1,0,1,0,1,1,0,1,0,0,0,0,1,0,1,1,0,0,0,0,0,1,1,1,0
ind_76,1,1,0,0,0,0,1,2,0,2,2,1,1,0,1,1,2,0,0,0,0,0,1,0,0,0,0,1,0,1,0,0,1,1,0,2,0,1,0,1,1,1,1,0,2,1,0,1,0,0,0,0,1,0,1,1,0,0,0,0,0,1,1,0,0,0,0,1,0,1,0,1,2,0,1,1,2,1,2,0,1,0,0,0,0,2,1,2,1,0,0,1,1,0,0,1,0,0,0,0,0,2,1,1,0,0,0,2,0,0,0,0,0,0,0,1,1,1,1,1,1,1,1,1,2,0,0,1,0,1,2,2,0,0,0,0,0,2,0,2,1,1,1,0,0,2,0,0,0,0,1,0,2,2,0,1,1,0,0
ind_77,0,0,2,1,0,0,0,0,2,0,0,0,1,0,0,2,1,1,0,0,0,0,0,1,1,2,1,1,1,2,0,0,1,1,0,0,0,1,0,0,1,0,1,1,1,1,0,1,1,1,0,0,1,0,2,2,0,0,0,0,2,1,0,0,1,0,1,0,0,0,0,1,2,2,0,0,0,0,0,2,0,0,1,0,1,0,1,0,0,0,1,1,0,1,0,1,2,0,0,0,1,1,0,1,0,1,1,1,1,0,0,1,2,0,0,0,0,2,0,0,0,0,0,1,1,0,0,0,1,0,1,2,0,0,0,0,1,0,0,2,1,0,0,1,0,1,0,1,0,2,0,1,0,0,0,1,1,1,1
ind_78,0,0,0,0,2,2,1,1,0,1,1,2,2,0,0,1,1,1,0,1,0,0,1,0,0,0,0,0,1,0,1,0,0,0,0,0,1,0,0,0,0,0,1,1,0,1,1,0,1,0,0,0,0,0,0,0,1,0,0,0,1,1,1,1,1,0,1,1,1,2,0,0,2,0,1,0,1,0,1,0,0,0,0,1,0,2,0,1,1,1,0,1,2,1,1,0,1,0,2,0,0,1,0,1,0,1,1,2,1,0,0,1,0,0,0,0,0,2,0,0,0,0,0,0,0,0,1,2,0,1,1,0,0,0,1,1,0,0,0,0,0,0,1,1,2,2,0,0,0,2,0,1,1,1,2,0,0,0,1
ind_79,0,2,2,0,2,0,1,0,1,2,0,0,0,1,0,1,0,1,1,0,2,0,0,1,0,2,2,1,1,0,0,0,0,1,0,2,0,0,0,0,0,1,1,0,0,1,0,2,0,0,0,1,0,0,0,0,1,0,0,0,1,0,1,0,1,1,2,0,0,1,1,0,0,1,1,2,1,0,0,2,2,1,0,0,0,1,0,1,1,1,0,0,0,0,0,2,2,0,0,2,1,0,0,0,0,1,0,0,0,0,0,0,0,0,0,0,0,0,0,0,0,1,0,1,1,0,0,1,2,1,1,0,1,1,0,0,0,1,1,1,0,2,0,0,1,0,0,0,0,1,2,0,0,0,0,1,0,1,0
ind_80,0,2,0,0,1,1,0,0,1,0,0,2,1,0,2,0,2,1,0,1,1,0,0,0,0,1,0,1,1,0,0,0,0,0,0,0,1,1,0,0,0,0,1,1,0,0,0,1,1,0,0,0,0,0,1,1,0,0,0,0,1,1,0,0,2,0,0,0,0,0,1,0,1,1,1,0,0,0,1,0,1,0,0,1,0,0,1,1,1,2,0,1,2,1,0,1,0,0,0,1,0,0,0,0,0,0,1,1,0,0,0,0,0,1,1,0,0,1,1,0,2,0,0,0,0,2,0,1,0,0,1,0,1,1,0,0,0,1,0,1,0,0,0,2,0,0,0,0,0,0,1,0,0,0,1,0,0,0,2
ind_81,0,1,1,2,0,0,0,1,0,0,0,0,1,0,1,1,0,0,0,0,1,0,1,0,1,1,0,0,0,0,0,0,0,2,0,0,0,1,0,1,1,0,0,0,1,0,0,0,0,1,0,1,0,0,2,2,0,0,1,0,0,0,1,0,0,1,0,0,0,1,0,1,0,0,0,1,2,0,0,2,1,1,0,1,0,0,1,0,1,0,2,1,1,1,1,0,1,1,1,0,1,1,0,0,0,0,0,1,0,0,1,1,2,0,1,0,0,0,1,1,0,0,0,1,0,1,1,1,0,0,0,1,0,1,1,0,0,1,2,1,0,0,0,1,0,0,0,0,0,2,2,0,0,2,0,1,0,0,0
ind_82,0,0,0,0,0,1,0,1,0,0,2,1,0,2,0,0,0,0,0,0,0,0,0,0,0,1,2,0,0,1,2,1,1,0,0,1,1,0,0,0,1,0,2,1,0,0,0,0,0,0,0,0,0,0,1,1,0,1,0,0,1,1,2,1,0,1,0,0,0,0,0,2,1,1,0,0,0,0,0,0,0,0,0,0,0,0,0,1,0,0,0,0,0,0,0,0,0,0,2,0,0,0,0,1,1,0,1,2,0,2,1,0,0,0,0,0,0,0,0,0,1,0,1,0,1,0,1,1,0,0,0,2,2,0,0,0,0,0,2,0,0,1,0,0,0,0,0,0,0,0,0,1,1,0,0,0,1,0,0
ind_83,1,0,1,0,0,0,0,1,1,0,2,0,0,0,1,0,0,0,0,0,0,2,2,0,1,0,2,0,1,0,1,0,1,0,0,2,0,1,2,0,2,2,1,1,1,1,2,0,0,0,0,2,0,2,1,0,1,0,2,2,1,0,0,1,0,0,0,0,0,2,0,0,1,1,2,0,0,0,0,0,1,0,0,0,0,0,0,1,0,0,0,0,1,1,2,0,1,2,0,1,2,0,1,1,0,0,0,0,1,0,1,2,0,1,0,1,0,0,1,0,0,0,2,0,0,0,0,1,0,2,0,0,1,1,2,1,2,0,0,0,1,0,1,1,1,0,2,1,0,0,0,0,1,0,1,0,0,0,2
ind_84,0,0,0,1,0,0,0,1,0,1,1,0,0,2,0,1,0,1,2,0,1,0,0,0,0,0,0,0,0,0,0,1,1,1,1,2,0,1,0,0,1,1,0,1,1,0,1,0,1,2,0,1,0,2,0,0,0,0,1,1,0,0,0,1,0,0,0,0,1,0,1,1,0,2,0,1,1,1,1,0,1,0,0,0,0,1,2,0,0,1,0,0,0,0,0,0,0,0,0,2,0,0,0,1,0,0,0,0,1,1,0,1,0,0,0,0,0,1,0,2,0,0,0,0,0,0,1,0,1,0,0,1,2,0,1,1,0,0,0,1,2,2,1,0,0,1,1,1,0,1,0,0,0,0,2,0,1,1,0
ind_85,0,0,2,1,1,1,2,0,1,0,1,0,0,0,1,1,1,0,1,0,1,1,0,0,0,0,0,0,0,0,1,0,1,0,0,0,2,2,1,0,1,0,0,0,0,2,0,0,1,0,0,0,1,2,0,0,1,0,0,1,0,0,0,0,1,0,0,1,0,0,1,1,0,1,1,0,0,0,0,0,0,1,0,2,1,1,0,1,2,0,0,0,0,1,0,2,2,0,2,1,1,2,0,0,0,0,2,0,0,0,2,0,1,0,0,1,0,0,2,1,0,1,2,0,0,0,0,0,0,1,1,1,1,0,2,0,0,1,0,1,0,0,0,0,0,0,0,0,1,1,0,2,0,0,2,0,0,0,0
ind_86,0,0,0,0,1,0,0,0,2,0,2,0,1,0,0,0,1,0,1,0,2,1,0,1,1,0,0,1,1,0,1,0,1,0,0,0,0,0,0,0,1,0,0,0,1,2,0,0,2,2,0,1,0,1,2,0,0,1,1,0,0,0,0,1,0,0,1,0,1,0,0,0,1,0,1,0,0,1,1,1,1,0,0,1,0,0,2,2,0,0,0,0,1,0,1,0,0,0,0,1,0,0,1,1,0,1,1,0,0,0,1,1,1,0,0,0,1,1,0,0,2,0,0,1,0,1,0,1,1,2,0,0,2,1,0,0,0,1,0,0,1,0,2,1,2,0,0,1,0,1,0,0,2,0,2,1,1,0,1
ind_87,1,2,1,0,0,1,0,2,0,0,0,2,0,0,1,0,0,0,0,1,1,1,2,1,1,0,0,0,0,0,1,0,0,0,0,0,1,0,1,1,0,0,1,1,0,0,2,1,0,0,1,0,1,0,1,1,0,1,0,1,1,0,0,0,0,0,0,0,0,0,0,0,1,0,1,1,1,1,0,1,1,0,1,0,0,0,2,0,0,0,0,1,0,2,1,2,1,2,0,0,0,0,1,1,0,1,0,0,0,2,1,1,2,0,1,0,0,0,1,0,0,0,1,0,2,0,2,0,0,0,0,0,0,1,0,1,0,0,1,1,0,1,1,2,2,1,0,0,1,2,1,0,0,0,0,0,0,1,1
ind_88,1,1,0,0,1,1,0,0,0,0,0,0,2,1,2,1,0,0,1,1,0,1,0,0,0,0,1,0,0,2,0,0,0,0,0,1,1,0,0,2,0,0,0,0,0,0,0,0,0,0,0,0,0,0,1,0,0,0,0,1,1,0,0,2,0,0,2,0,0,0,0,0,0,0,1,2,0,1,0,1,0,1,0,0,0,1,0,2,0,2,0,0,2,0,0,1,1,0,0,0,0,0,1,1,1,0,0,0,1,1,0,1,0,1,2,0,0,2,2,0,1,1,0,0,0,1,1,1,0,0,0,1,1,0,2,0,0,0,0,0,0,0,0,0,1,2,1,0,0,0,0,0,2,1,1,0,0,2,0
ind_89,0,0,0,2,2,0,0,0,2,1,0,1,1,0,0,0,2,0,0,0,0,1,0,0,1,0,1,2,0,0,1,2,1,2,0,0,0,2,0,0,1,2,1,0,0,0,0,1,0,1,0,0,1,1,1,2,1,0,0,0,1,1,0,1,0,0,0,2,2,0,0,0,1,0,0,0,2,0,0,0,0,1,0,0,0,0,1,0,0,1,1,1,2,1,1,1,1,2,0,1,0,1,1,1,0,1,0,0,1,2,0,2,1,0,2,2,1,1,1,0,0,0,1,0,0,1,0,2,0,0,0,1,1,1,0,1,2,0,0,1,1,0,0,0,0,0,0,0,0,1,0,0,0,0,0,0,0,1,1
ind_90,0,0,0,1,0,0,2,1,0,0,1,2,0,0,0,0,1,0,0,1,0,1,0,0,0,0,1,1,1,0,2,1,0,0,1,0,0,2,0,0,0,0,1,0,0,1,0,1,0,1,0,1,0,0,0,1,0,0,0,0,0,0,1,0,0,2,0,1,0,1,0,0,0,0,1,1,0,1,1,0,2,1,0,0,0,1,0,1,0,0,0,0,0,1,0,0,0,2,0,1,1,0,0,0,0,1,1,0,0,0,2,1,1,2,1,1,1,0,0,1,0,0,0,1,0,1,0,0,2,0,0,0,1,0,0,0,0,0,1,1,1,0,0,0,0,0,2,2,0,1,0,2,1,0,0,0,0,0,0
ind_91,1,1,0,0,0,1,0,0,1,1,1,0,2,0,0,1,1,1,0,0,1,1,2,0,1,2,0,0,0,0,1,0,0,1,0,2,0,0,0,0,1,0,0,0,2,0,0,0,0,0,0,0,2,1,1,1,0,1,0,0,0,0,0,0,1,1,1,0,0,0,0,0,1,0,0,1,0,0,0,0,1,0,0,0,2,0,0,0,0,0,2,2,1,1,0,0,1,0,0,1,0,0,0,0,0,1,0,0,1,0,0,0,0,0,0,0,1,0,0,0,0,0,0,0,0,0,0,0,1,0,0,1,0,0,0,1,2,1,2,0,0,0,1,1,1,0,0,0,1,2,0,0,0,1,1,2,0,0,0
ind_92,1,0,0,2,1,0,0,0,1,0,0,0,1,0,1,0,1,0,0,0,0,1,0,0,1,0,0,0,2,0,0,1,1,0,0,1,2,1,0,0,0,0,0,0,1,0,2,1,0,1,0,0,0,0,1,0,2,0,1,0,0,2,0,2,0,0,0,2,0,0,0,0,1,1,0,2,0,1,1,0,1,0,0,0,0,1,0,0,0,0,0,1,1,0,0,0,2,0,0,0,1,1,0,0,1,0,0,1,0,0,0,1,0,0,0,1,1,0,1,0,0,0,2,1,0,2,0,1,0,2,0,0,0,0,2,0,0,2,1,0,1,1,0,0,2,0,1,0,1,0,0,0,2,0,0,1,0,1,1
ind_93,0,0,1,1,0,0,2,0,0,0,0,0,0,0,2,1,0,0,1,0,0,1,1,1,1,0,0,0,1,2,2,1,1,0,0,1,0,0,2,0,1,1,1,1,0,0,1,0,0,0,0,0,2,1,0,0,1,0,1,1,1,1,0,0,1,0,2,1,1,0,1,1,0,0,0,0,1,2,1,0,2,0,0,0,1,0,0,0,1,0,1,1,0,0,0,0,1,0,0,0,1,0,0,0,0,2,0,0,0,0,2,0,2,0,0,0,0,0,1,0,2,0,0,1,1,0,0,1,1,2,0,0,0,1,0,1,0,1,2,1,1,2,0,0,2,1,0,0,1,0,0,0,0,0,0,0,0,2,0
ind_94,2,0,0,0,0,0,2,0,0,1,0,1,0,0,0,1,0,1,0,0,0,1,0,0,0,1,0,0,1,0,0,0,2,1,0,0,1,1,0,2,0,1,0,1,0,1,1,0,1,1,2,0,0,1,2,1,0,0,0,1,0,1,1,0,2,0,1,0,0,0,0,0,1,2,0,1,1,0,0,2,0,0,0,0,1,0,2,0,1,1,1,1,0,2,0,1,0,1,1,1,1,0,0,1,0,2,2,2,0,0,2,0,0,0,0,0,0,0,0,0,0,2,1,0,1,0,0,0,0,0,0,2,2,0,2,0,1,0,1,1,1,1,1,1,1,1,1,1,1,1,0,0,1,2,1,1,0,0,1
ind_95,0,1,0,2,1,1,0,2,1,1,1,1,1,0,0,0,0,0,0,0,2,1,0,1,0,0,2,1,1,0,2,0,1,1,1,2,2,1,1,1,0,1,0,0,1,0,0,0,0,0,1,0,1,1,0,1,1,0,0,0,0,2,0,1,0,1,2,0,0,0,0,0,0,1,0,1,0,1,0,2,2,0,1,0,1,0,1,0,0,0,0,1,1,0,0,0,0,0,0,0,0,0,1,0,0,0,0,0,0,0,2,0,0,0,0,1,0,2,1,1,0,0,2,0,0,0,0,1,0,1,0,0,1,1,0,1,0,1,0,1,1,0,0,2,0,0,0,0,1,1,0,0,1,0,0,0,0,0,0
ind_96,1,1,0,0,0,0,0,0,0,2,0,2,0,1,0,0,0,0,1,0,2,1,0,1,0,0,0,2,0,0,2,0,0,0,1,0,2,0,0,1,1,1,0,2,0,1,0,0,0,1,0,0,2,1,0,1,1,1,0,0,0,0,0,0,0,0,1,1,2,0,1,1,0,1,1,0,0,1,0,0,0,1,0,0,0,0,0,1,0,1,0,1,1,2,0,0,1,0,1,0,1,0,1,0,1,1,0,2,0,1,1,0,2,0,0,1,0,0,0,0,2,0,2,0,0,0,1,1,1,1,0,0,0,0,0,0,1,0,0,2,0,1,0,0,1,0,0,0,0,0,1,1,0,0,0,0,1,1,1
ind_97,0,1,1,0,1,0,0,0,1,0,0,2,0,1,1,2,0,0,0,0,2,1,0,0,2,2,0,2,1,0,1,0,0,0,0,1,1,0,0,1,0,1,0,0,1,1,0,0,1,1,2,1,0,0,0,1,0,2,1,0,1,1,0,1,0,0,0,0,0,2,0,2,2,0,0,1,2,1,0,1,1,0,2,0,0,0,0,1,1,2,1,0,0,2,0,0,1,0,0,0,1,0,0,1,1,1,0,0,0,0,0,1,2,0,0,0,1,1,0,2,0,0,0,0,2,2,2,0,0,1,1,1,1,0,0,0,1,0,2,0,0,0,1,1,0,0,1,0,1,0,0,0,0,0,1,1,1,1,0
ind_98,1,2,0,0,0,0,0,0,1,0,2,0,0,0,2,0,0,2,2,1,0,1,1,1,0,0,0,0,0,0,0,0,1,0,0,0,1,1,1,0,0,1,2,1,0,0,0,1,1,2,1,1,0,0,1,1,0,0,0,0,0,0,0,1,0,2,1,0,2,2,0,0,0,2,1,0,2,1,0,0,1,1,0,0,0,1,0,1,0,0,1,0,1,0,0,1,0,0,0,1,0,0,2,0,0,1,0,0,2,0,0,0,0,1,0,2,0,0,0,0,2,0,0,1,0,1,1,0,0,2,0,0,0,1,0,0,0,1,0,1,1,0,0,1,1,1,1,1,1,1,0,1,2,0,0,0,0,1,1
ind_99,1,0,0,0,0,1,0,0,1,0,0,1,1,0,0,1,0,0,0,0,1,0,0,2,1,0,1,1,0,1,1,0,0,0,1,0,0,0,1,2,0,2,0,0,2,0,0,0,2,0,0,2,0,0,0,1,0,1,0,1,2,0,1,0,0,0,0,0,0,0,1,0,0,0,2,0,1,0,0,1,1,1,0,1,1,1,1,0,0,1,1,0,1,2,0,1,1,1,0,0,0,2,0,0,0,0,1,1,1,0,0,0,0,1,0,1,2,0,1,0,0,1,0,0,1,1,1,1,0,0,1,0,0,0,0,0,1,0,1,0,1,0,0,1,0,0,0,1,0,0,0,0,0,1,1,1,0,1,1
ind_100,0,0,0,2,2,0,1,0,0,0,0,1,0,1,0,1,1,1,1,1,0,1,1,0,0,0,0,0,1,0,0,0,0,0,1,1,1,0,0,0,1,1,0,0,2,0,2,0,1,1,1,1,1,0,0,0,0,0,2,1,0,0,0,2,0,0,0,0,0,0,2,1,1,1,0,2,0,0,1,0,0,0,1,0,1,1,2,0,0,0,0,0,0,2,1,1,0,2,0,0,1,0,0,0,0,0,0,0,0,0,1,0,0,0,0,0,1,1,1,1,0,0,1,1,0,0,0,0,2,1,1,0,2,0,0,1,0,1,0,1,0,1,0,0,0,0,1,0,0,2,1,0,0,0,2,0,0,0,0
ind_101,0,0,0,1,0,2,0,0,0,0,2,0,2,1,1,1,0,0,1,0,1,0,0,0,1,0,1,1,2,0,0,0,1,0,0,0,2,0,0,0,1,0,0,0,0,1,0,1,0,0,0,0,0,0,0,0,1,0,2,0,1,1,0,1,0,1,1,0,0,2,0,0,1,1,0,1,1,1,0,1,0,1,0,0,0,2,0,0,0,0,0,0,0,2,0,1,0,2,0,1,2,1,0,0,1,0,0,1,0,0,1,0,0,0,0,0,2,0,1,1,1,0,0,0,0,0,0,0,0,1,0,0,1,0,0,0,1,1,0,0,0,0,1,1,0,1,0,0,1,1,1,0,1,1,0,2,0,0,2
ind_102,1,0,1,2,0,1,0,2,2,2,0,0,1,1,2,0,0,1,2,0,0,2,0,0,0,1,1,0,1,1,1,1,0,0,0,2,0,0,0,0,1,1,0,0,0,0,0,2,1,0,0,2,0,1,0,1,0,1,0,0,0,0,0,1,0,0,0,0,0,0,0,1,0,0,0,1,2,0,0,0,2,0,0,1,1,0,0,0,0,1,0,0,0,1,0,1,0,0,1,0,0,0,2,0,2,0,0,0,1,2,2,0,0,0,0,1,0,0,0,2,0,1,1,2,1,1,0,0,0,1,0,1,0,0,0,1,0,2,0,1,1,1,0,0,1,0,1,0,1,0,0,0,0,2,1,0,0,0,0
ind_103,0,0,2,0,1,1,1,0,0,1,0,0,0,1,1,0,1,0,1,0,0,0,1,1,1,0,0,2,0,1,0,0,0,0,2,0,0,1,0,0,1,1,0,0,2,0,1,1,0,1,0,0,1,0,1,0,1,2,1,1,0,0,0,0,0,0,0,0,1,0,0,0,0,1,1,0,2,0,0,0,0,2,0,1,0,1,1,0,0,0,2,0,0,0,0,0,0,0,1,0,0,0,2,1,1,0,0,0,0,2,1,0,0,0,0,1,0,0,0,1,0,0,0,1,0,0,1,0,0,0,0,1,0,0,1,1,0,0,0,1,0,1,0,1,0,2,0,1,1,0,1,0,0,1,0,1,0,1,1
ind_104,1,1,0,0,1,1,1,0,1,0,2,0,1,0,0,1,0,2,0,0,0,0,0,0,0,0,1,0,1,1,0,0,1,0,0,1,0,1,0,0,1,1,2,0,1,0,0,1,0,1,0,0,0,1,1,0,0,0,0,2,1,1,1,2,0,0,0,0,0,2,1,1,0,2,2,1,1,0,0,1,0,0,0,0,0,2,1,0,0,0,0,0,1,1,0,0,1,1,0,0,0,1,0,2,0,1,0,0,1,0,1,1,0,1,0,1,1,1,0,0,0,1,0,1,1,0,1,0,0,0,1,0,1,0,0,0,0,2,2,0,0,1,0,0,1,0,0,2,0,2,1,0,0,0,1,0,1,1,1
ind_105,2,1,1,1,2,0,0,0,0,0,0,0,0,0,2,0,1,0,0,1,2,1,2,2,1,0,0,2,1,0,1,0,0,0,0,1,1,2,0,0,1,1,0,1,1,1,0,0,0,1,0,1,1,2,1,0,1,0,2,0,0,0,0,2,1,0,0,1,1,1,0,0,1,0,0,0,0,0,0,1,2,1,0,2,0,0,0,0,1,1,2,0,1,1,0,1,2,0,1,1,2,1,2,0,0,0,1,0,0,0,1,2,0,2,0,0,0,2,0,0,2,0,2,0,2,1,1,0,1,0,0,0,0,1,1,2,0,1,0,0,1,0,0,1,1,0,0,0,0,1,1,0,1,0,0,1,0,1,0
ind_106,1,0,1,0,1,1,0,1,0,1,1,0,0,0,1,0,1,0,1,2,0,0,0,0,2,1,0,0,1,0,1,0,1,0,1,0,0,0,0,2,1,0,0,0,0,0,1,1,0,2,1,1,1,1,0,1,0,0,0,1,0,2,2,1,1,0,2,0,1,1,0,0,0,1,0,0,0,0,0,0,0,0,1,0,0,1,0,1,0,0,1,0,2,0,0,2,0,0,0,1,1,1,2,0,2,0,0,0,0,2,0,0,2,0,0,0,1,1,0,0,1,1,0,2,2,0,0,1,0,0,1,0,1,0,1,0,0,0,1,1,0,0,1,0,0,0,0,0,1,1,0,1,1,0,2,2,1,0,0
ind_107,0,0,1,0,0,1,2,2,0,0,1,0,0,0,0,0,0,0,1,2,1,0,2,0,1,0,0,0,1,1,1,1,0,1,2,0,2,1,1,1,0,0,0,2,0,1,0,1,0,0,0,1,0,0,2,0,0,0,0,1,0,0,0,0,1,0,0,0,1,0,0,0,0,1,0,1,1,1,0,0,1,0,0,1,1,1,0,1,0,1,2,0,0,0,1,2,0,0,0,0,1,2,0,0,0,0,0,0,0,1,0,0,0,0,0,0,0,0,1,1,1,0,1,0,0,1,0,0,0,0,0,0,0,0,1,1,1,0,0,0,0,1,1,0,1,0,0,1,0,0,0,0,0,1,0,2,0,2,0
ind_108,0,0,0,1,1,2,1,0,0,0,0,0,0,2,1,1,0,0,0,0,0,0,2,2,0,0,0,0,0,0,0,0,1,1,0,1,0,0,0,0,0,2,0,0,0,0,1,1,2,0,0,1,0,0,0,0,0,1,0,0,1,0,0,1,1,1,1,1,1,0,1,1,0,2,2,0,1,0,0,0,0,0,0,2,1,0,0,0,1,0,0,0,0,1,0,2,0,0,0,0,1,0,1,1,0,1,1,0,2,0,1,0,0,2,0,1,0,2,1,0,1,0,0,0,0,2,1,2,0,1,0,2,0,0,0,1,2,0,1,1,0,0,1,1,2,1,0,1,0,1,0,1,1,0,0,0,0,0,0
ind_109,0,2,1,1,0,0,1,1,2,0,0,0,1,0,0,1,0,1,1,1,1,2,0,0,1,0,2,0,1,1,1,1,2,0,0,0,0,1,1,0,1,1,2,1,2,2,1,0,1,0,0,0,0,0,1,0,1,2,0,1,0,2,0,0,0,0,1,2,2,0,0,0,0,1,0,0,1,0,2,0,0,1,2,0,0,0,1,1,0,0,1,0,0,0,0,0,0,0,0,1,1,2,2,0,2,2,0,0,1,0,1,1,1,0,0,1,0,1,0,0,0,0,1,1,0,2,0,0,0,2,1,0,0,1,0,1,2,1,0,1,0,0,1,0,0,0,0,0,1,0,0,0,1,0,1,0,2,2,1
ind_110,0,0,1,1,0,0,0,0,1,0,2,2,1,0,0,1,0,1,0,0,0,0,2,0,1,2,2,0,2,1,0,0,1,0,0,2,0,0,0,1,0,0,1,1,0,1,0,0,1,0,0,0,1,0,0,0,0,0,1,0,0,0,0,1,0,1,0,1,0,1,1,0,0,0,0,0,0,0,1,0,0,0,1,0,0,1,0,1,2,1,1,0,0,0,0,1,0,1,0,0,0,0,1,0,0,0,0,0,1,2,0,0,0,1,1,2,0,2,0,1,0,2,0,0,1,0,0,0,1,0,0,0,0,0,0,0,0,0,0,0,1,0,0,0,0,0,0,1,0,0,0,1,0,0,1,2,0,0,1
ind_111,0,1,1,1,0,0,0,1,1,0,0,0,0,1,0,0,0,1,2,0,0,0,0,1,2,0,0,0,2,0,2,1,0,0,0,0,0,1,2,0,0,0,1,0,0,1,0,1,1,0,1,0,0,0,1,0,0,2,0,0,0,1,2,1,0,0,0,2,0,0,1,0,0,0,1,1,0,1,0,0,2,1,0,2,0,0,0,0,0,0,2,1,1,0,0,0,1,0,0,0,1,0,0,0,0,0,0,0,1,1,0,0,1,0,0,0,0,0,0,1,0,1,0,0,0,1,0,1,2,0,0,0,1,0,0,0,0,0,0,1,1,1,0,0,1,0,1,0,0,0,1,0,0,1,0,1,2,0,0
ind_112,0,0,0,0,0,0,0,2,1,1,1,0,0,0,0,0,1,0,0,1,1,0,0,0,0,2,1,0,2,0,2,0,0,2,0,0,1,1,1,0,0,1,0,0,0,0,0,2,0,0,0,1,1,1,0,0,0,1,1,0,0,0,1,0,0,2,0,1,1,0,0,2,0,0,0,0,0,0,1,0,0,0,0,1,1,1,0,1,0,1,1,0,1,1,0,1,0,0,0,0,0,0,0,1,1,0,1,1,0,1,2,1,0,0,0,1,2,1,0,0,0,0,0,0,1,0,0,1,1,0,0,1,0,1,0,0,0,1,1,2,1,0,0,2,0,0,0,1,0,1,0,1,0,0,0,1,0,0,0
ind_113,0,0,0,1,1,1,1,0,2,2,1,0,1,0,0,0,0,1,1,0,1,2,0,0,1,1,0,1,0,0,0,1,1,1,1,1,1,2,0,0,1,0,1,0,2,0,0,0,0,1,1,0,0,0,0,0,0,0,1,0,0,0,2,0,1,0,1,0,1,0,0,2,0,1,1,1,1,2,1,0,1,2,0,1,0,0,0,0,0,1,1,1,0,0,2,2,1,0,0,0,1,1,0,0,1,2,0,2,0,0,1,0,1,0,2,1,1,1,2,1,0,0,1,0,2,1,0,0,0,1,0,0,1,0,0,0,0,1,0,1,0,0,2,0,0,0,0,2,0,0,1,0,0,0,1,1,0,0,0
ind_114,0,0,0,2,0,0,0,1,1,1,1,0,2,0,0,0,0,0,0,0,0,1,0,2,0,0,0,1,1,0,0,0,0,1,2,0,0,1,0,0,0,2,0,0,0,0,1,0,0,0,0,0,0,0,0,0,0,0,0,0,2,0,1,1,1,0,0,0,0,0,1,2,0,2,1,0,0,2,1,0,0,0,0,1,1,2,1,1,1,0,1,2,0,1,2,1,0,1,1,1,0,1,1,0,0,0,1,0,2,0,0,0,0,2,1,0,1,1,0,1,0,2,0,0,1,2,2,0,0,0,0,0,2,0,1,1,1,0,0,1,0,1,2,0,0,2,0,0,0,0,1,0,0,0,0,0,0,0,0
ind_115,0,0,0,2,1,0,0,1,1,1,1,0,2,1,0,0,0,1,0,0,0,0,0,0,0,2,1,2,0,0,1,0,0,1,1,0,1,0,0,0,0,0,1,0,1,0,1,2,0,0,1,1,0,2,2,0,1,0,0,1,1,1,0,0,0,1,2,1,0,0,2,0,0,0,0,0,0,0,0,0,1,0,1,0,1,1,0,1,1,0,0,1,1,0,0,0,0,0,1,0,0,0,1,0,0,1,0,0,0,0,1,0,0,0,1,0,1,1,1,0,0,0,0,0,1,0,0,1,1,0,0,0,0,0,0,0,1,0,0,2,1,1,1,0,0,0,0,1,0,0,1,0,1,0,0,0,0,0,0
ind_116,0,0,1,0,0,0,2,2,1,0,0,1,0,0,2,0,2,1,0,0,0,0,0,0,0,2,0,0,0,1,2,0,0,0,0,0,0,0,1,1,0,1,0,1,0,1,1,2,0,0,0,0,0,1,0,1,0,1,0,1,2,1,0,0,1,0,0,1,0,1,1,1,1,1,1,0,1,1,0,0,2,0,0,0,2,0,1,0,1,1,0,0,0,0,1,1,2,0,0,1,0,0,0,1,1,0,2,1,0,2,2,1,0,2,0,0,0,1,0,0,0,2,0,0,0,1,0,1,0,1,0,1,0,1,1,0,0,0,0,0,0,0,2,0,0,0,1,0,1,0,2,0,0,0,2,1,0,0,2
ind_117,1,0,0,0,0,0,1,1,2,0,0,0,0,0,0,1,1,1,1,0,0,0,1,0,0,1,1,1,1,0,0,0,2,0,0,0,1,0,2,0,1,2,2,0,0,0,0,1,0,0,2,0,0,2,0,1,0,1,2,1,0,1,0,1,0,0,0,0,1,0,0,2,1,0,0,0,1,0,0,1,1,0,0,0,0,2,1,0,2,0,0,2,1,0,1,0,2,0,0,1,1,1,0,0,0,0,0,1,0,1,0,0,1,0,0,0,0,1,0,1,1,0,0,0,1,0,0,2,2,0,1,0,0,0,0,0,1,0,0,0,0,0,0,0,0,0,1,0,0,0,0,0,0,0,0,1,0,0,0
ind_118,0,1,0,1,0,0,1,0,0,0,0,0,2,0,1,1,0,1,0,1,1,0,1,2,2,0,1,0,0,2,0,1,2,0,1,0,0,1,0,0,0,1,0,0,0,0,1,0,1,0,0,2,0,2,0,0,0,1,1,0,1,1,0,0,2,1,0,2,1,1,1,0,0,0,0,1,0,1,1,0,1,1,1,1,0,0,1,0,0,2,0,1,2,2,0,1,1,0,0,1,0,2,0,0,0,0,0,2,0,0,0,0,0,1,1,0,0,0,1,0,0,0,0,0,1,2,0,1,0,0,0,0,0,0,2,1,0,0,1,1,0,0,2,0,1,0,1,0,1,0,0,0,1,0,1,0,2,0,0
ind_119,2,0,0,0,0,2,0,1,0,2,0,0,1,1,1,0,0,1,0,1,1,0,0,1,2,0,0,0,2,0,1,1,0,1,1,1,2,0,0,0,1,1,0,1,2,2,1,0,0,2,0,0,1,0,0,0,1,0,0,0,2,0,0,1,0,1,1,1,0,1,0,0,0,2,1,1,0,0,0,0,0,0,0,0,0,0,1,0,0,0,1,0,0,0,0,0,1,0,0,0,1,0,1,1,0,1,1,0,0,2,1,0,0,0,0,0,1,2,0,0,0,2,0,0,0,0,0,2,1,0,1,0,0,1,0,0,0,1,0,0,1,1,0,0,0,0,0,0,1,0,0,2,1,2,0,0,0,0,0
ind_120,0,0,1,0,0,0,1,1,0,1,0,0,0,1,2,0,1,0,1,0,1,0,1,1,2,0,0,1,2,0,0,0,2,2,0,1,1,0,1,1,1,1,1,0,0,1,1,1,0,0,1,2,0,0,1,1,1,0,0,0,0,0,0,0,0,0,1,0,0,0,0,0,2,0,0,0,0,1,1,0,0,0,1,1,1,2,2,2,0,1,2,1,2,1,0,1,0,2,1,0,1,0,0,2,1,0,1,0,0,0,0,1,1,0,0,0,1,1,1,1,0,1,1,1,0,0,1,0,0,0,0,1,0,0,1,0,0,0,0,0,1,0,0,2,0,1,0,0,0,2,0,1,0,1,1,0,0,1,0
ind_121,1,0,2,0,0,0,1,0,0,0,0,1,0,2,1,1,0,1,0,2,1,1,0,2,1,0,0,1,1,0,0,0,0,1,0,0,1,1,0,1,0,1,0,2,1,0,0,0,0,1,1,2,0,0,0,0,1,1,0,0,0,0,1,0,0,0,0,0,2,0,0,1,0,0,2,0,0,1,1,2,0,0,0,0,0,0,0,0,0,0,0,0,0,0,0,0,1,0,0,1,1,0,0,0,1,0,0,1,0,0,0,0,0,0,1,0,0,0,1,1,0,0,2,0,1,0,0,1,0,1,0,0,0,2,1,0,0,0,0,0,0,0,2,2,1,0,0,0,0,0,1,1,1,1,1,0,2,1,1
ind_122,0,1,0,0,0,0,1,0,0,0,1,0,1,0,0,0,1,1,0,0,0,0,0,0,1,0,1,0,0,0,0,0,0,0,0,0,0,0,1,0,0,0,1,0,1,0,0,0,1,0,0,1,0,0,0,0,2,0,1,0,1,1,2,0,1,0,1,0,0,0,0,0,0,0,0,0,1,0,0,0,2,1,1,0,0,2,0,0,0,1,0,0,0,1,0,0,0,0,0,1,0,1,1,0,0,0,0,1,0,0,2,1,0,1,0,0,0,1,0,2,0,1,1,0,0,1,1,1,0,0,0,1,0,0,0,0,1,0,1,0,1,1,0,2,2,0,2,1,1,2,1,1,0,0,0,0,0,0,0
ind_123,1,2,2,0,1,0,0,1,0,0,1,1,1,1,1,0,0,0,2,0,1,1,0,0,2,0,0,0,1,1,0,0,0,0,0,0,0,1,0,0,0,0,0,1,0,0,0,0,1,0,1,0,1,0,0,0,1,0,0,0,1,0,1,2,0,2,0,1,0,2,0,1,0,0,0,0,1,0,1,0,0,0,0,1,0,0,1,1,1,0,0,0,1,1,2,1,0,1,0,0,0,1,0,1,0,0,1,0,0,0,1,0,0,1,0,0,0,0,0,0,0,1,2,0,0,0,0,0,0,0,2,0,0,0,1,0,2,0,1,2,1,2,0,0,0,0,0,1,2,1,0,0,0,1,1,0,1,0,0
ind_124,0,0,0,0,0,0,1,0,0,0,0,0,0,0,0,1,1,0,0,1,0,2,0,0,0,2,0,0,0,0,0,1,0,0,1,0,0,2,0,1,0,1,0,1,1,1,0,0,1,2,1,2,0,2,1,1,0,0,1,0,0,0,0,1,0,0,0,1,0,0,1,2,1,2,1,1,0,0,0,1,1,1,1,1,1,1,0,0,1,0,1,0,0,1,1,1,1,1,1,1,0,1,0,2,0,1,1,0,2,0,0,0,0,0,1,1,1,0,1,0,0,0,1,0,0,1,1,1,1,2,1,0,2,1,0,1,1,0,0,2,1,0,0,1,2,1,0,1,0,0,0,0,0,1,1,0,0,0,0
ind_125,0,0,0,0,1,1,1,2,1,0,1,0,2,2,1,1,0,1,1,1,0,1,0,0,0,1,1,0,0,0,0,0,0,0,0,1,0,0,1,1,1,1,0,0,0,0,0,0,0,0,0,0,1,1,2,0,2,2,0,0,0,0,0,1,0,0,0,0,1,2,0,2,1,0,0,0,0,0,1,1,0,0,0,0,0,0,0,0,1,0,0,1,0,2,0,0,0,1,0,0,1,0,0,0,0,0,2,1,0,0,0,0,0,1,0,0,0,0,1,0,1,0,1,2,0,1,1,0,0,0,0,0,0,2,0,0,1,0,0,0,0,0,0,2,0,0,0,2,0,0,0,0,0,0,0,0,0,0,0
ind_126,2,2,1,0,0,1,0,0,0,0,0,0,2,0,1,0,0,0,0,1,0,0,2,2,1,0,1,0,1,0,1,1,0,2,0,2,0,1,0,0,0,1,1,1,1,0,1,0,0,1,2,0,0,0,1,0,0,2,0,1,2,0,2,1,2,0,0,0,1,1,0,0,1,1,0,0,0,0,0,0,0,0,0,0,0,0,1,2,0,1,1,0,2,0,0,1,0,1,2,0,1,0,0,0,1,1,1,1,0,0,2,1,1,1,0,0,0,1,0,2,0,2,1,0,1,0,0,2,1,0,2,0,0,1,0,0,1,0,0,0,0,1,0,2,0,0,1,2,0,0,1,2,0,0,0,0,1,1,0
ind_127,0,0,0,0,0,0,1,0,1,1,2,1,1,0,0,0,1,0,0,0,0,0,0,0,1,0,1,1,1,0,0,0,0,0,0,2,2,2,0,0,1,0,0,0,0,1,0,2,0,0,0,0,1,1,0,0,0,0,0,0,0,2,0,0,1,0,0,0,0,0,0,1,1,0,0,1,1,0,0,0,0,0,0,0,2,0,1,0,0,0,0,1,0,0,1,2,0,0,1,0,0,0,0,0,0,0,0,0,2,0,0,0,0,0,2,2,0,2,0,0,0,0,1,0,0,0,1,0,0,2,0,0,2,1,1,2,0,0,0,1,1,1,0,1,2,1,1,1,0,2,1,0,0,0,0,0,1,0,0
ind_128,0,1,0,0,0,1,1,0,0,0,0,0,0,0,1,0,0,1,0,1,0,0,0,0,2,0,0,0,0,1,0,1,1,1,2,0,0,0,0,1,0,0,1,0,0,0,0,0,0,0,0,1,1,2,2,1,0,0,0,0,0,0,0,0,0,1,0,0,0,1,1,0,0,0,1,0,0,0,1,0,0,0,1,1,0,1,0,1,0,0,0,2,0,2,0,0,2,0,1,0,1,0,1,0,0,1,1,2,1,0,0,1,0,0,1,0,0,2,0,0,0,1,0,1,1,0,0,2,2,0,0,1,0,0,0,0,0,0,1,1,0,0,0,2,0,0,0,2,1,0,0,0,0,0,0,0,0,0,1
ind_129,0,1,0,0,0,1,0,0,1,0,0,0,1,0,0,0,1,0,0,0,2,1,0,1,0,0,0,1,0,1,1,0,0,0,0,0,1,1,0,0,0,0,1,0,0,0,0,0,0,1,1,0,0,1,1,0,1,1,0,0,0,0,0,0,0,0,0,0,0,1,0,2,0,0,0,0,0,1,1,0,0,2,1,0,2,1,0,0,1,1,0,0,0,1,0,0,0,1,0,0,2,0,2,1,0,0,1,1,0,0,0,1,0,1,1,1,0,0,0,1,0,0,1,1,0,2,0,0,1,1,0,1,0,0,2,1,0,0,0,2,0,0,0,0,0,2,1,0,1,1,0,0,1,0,0,0,0,0,0
ind_130,0,0,1,0,1,2,1,0,1,0,0,0,1,0,1,1,2,1,1,1,1,1,0,0,0,0,0,0,0,0,1,2,0,0,2,1,0,2,0,0,0,0,0,0,0,1,1,1,0,0,0,1,1,0,0,0,0,1,0,0,0,0,1,1,0,1,0,0,0,0,1,0,0,1,0,0,1,1,0,0,0,0,0,0,0,1,0,1,1,0,1,0,1,0,1,1,1,1,1,0,0,0,0,1,0,1,0,2,0,0,0,1,1,0,0,0,0,0,0,0,2,0,1,0,1,0,0,1,1,2,1,0,0,1,0,1,1,0,2,1,1,0,0,2,0,0,0,0,0,1,0,1,0,1,0,0,0,2,0
ind_131,2,2,2,1,2,0,1,0,0,1,0,0,0,0,1,0,0,2,0,1,0,1,2,1,0,1,0,0,1,0,1,0,1,0,0,1,1,2,2,1,0,0,0,0,0,1,0,2,0,1,1,0,0,0,0,1,0,0,0,0,0,0,0,0,0,1,0,0,0,1,0,2,2,0,1,0,0,0,1,0,0,0,0,0,0,2,1,0,2,1,0,0,0,1,0,1,0,0,0,0,1,2,2,1,0,0,0,0,1,0,2,0,0,2,0,1,0,2,1,1,0,0,0,0,0,0,0,0,0,1,0,0,0,1,0,0,2,0,1,1,0,0,2,1,1,0,0,2,0,0,0,1,0,0,1,1,0,0,0
ind_132,2,0,0,0,2,2,0,1,0,0,0,0,0,0,0,0,0,0,1,2,1,1,1,0,0,0,0,0,1,0,0,0,1,0,0,1,1,0,0,1,2,0,0,1,0,0,0,2,2,2,0,0,0,0,0,2,1,1,0,0,1,1,0,0,1,0,2,0,1,1,0,1,0,2,0,0,1,0,1,0,0,2,0,0,0,0,0,0,0,0,0,0,0,1,0,1,0,0,1,0,2,2,0,0,1,0,1,1,0,0,1,0,0,0,1,0,1,0,0,0,0,1,0,0,0,1,0,1,0,1,0,0,0,0,0,0,0,0,1,0,0,0,0,2,0,0,1,0,0,2,0,0,0,0,2,0,0,1,1
ind_133,1,0,1,0,0,1,0,0,0,2,1,0,0,0,0,2,0,0,0,0,0,0,0,1,0,0,0,1,0,1,0,0,0,1,0,2,0,0,1,2,0,1,1,0,1,0,0,2,0,0,0,0,1,0,1,2,1,0,1,1,2,0,0,1,1,0,1,1,1,0,1,0,1,2,1,1,1,2,0,0,2,2,0,0,1,0,1,0,1,0,2,0,2,1,1,1,0,0,0,1,0,1,0,0,0,0,0,1,1,1,0,1,0,2,1,1,0,1,1,0,0,0,0,0,2,1,0,1,0,1,1,2,0,0,1,1,0,0,0,1,0,0,1,0,1,0,1,0,0,1,0,2,1,1,0,0,1,2,1
ind_134,0,2,1,1,1,0,0,0,0,1,1,0,0,0,0,0,0,1,1,0,1,1,2,1,0,0,1,1,0,0,1,2,0,1,0,0,0,0,0,0,0,1,0,1,0,0,2,0,0,1,1,0,0,0,1,0,0,0,1,2,1,1,0,0,1,2,0,0,0,1,2,0,0,0,0,1,0,2,1,0,1,1,2,0,1,1,0,0,2,1,0,0,1,0,0,0,2,0,1,0,0,2,0,1,0,1,0,0,2,0,0,0,1,0,1,0,0,0,0,0,1,0,2,1,0,0,0,0,0,0,0,1,0,0,2,1,1,1,1,0,1,0,0,1,0,0,2,1,0,0,2,0,0,0,0,0,0,1,0
ind_135,1,0,0,1,1,0,0,0,0,1,0,0,0,0,1,1,0,1,0,0,0,2,1,0,0,1,1,0,1,0,2,1,0,0,0,1,0,0,0,1,0,1,0,1,0,1,2,0,1,1,0,0,0,0,2,1,0,0,0,0,2,1,1,0,1,1,0,1,1,0,0,0,1,0,1,1,2,1,1,0,0,2,1,0,0,0,0,0,0,1,0,0,0,0,0,0,0,0,0,0,0,1,1,0,0,0,0,0,1,2,1,2,0,1,0,0,0,1,0,0,1,1,0,0,1,0,0,0,0,0,1,0,1,1,0,0,1,1,2,0,1,1,0,0,2,0,0,0,0,1,0,1,2,2,0,1,0,2,1
ind_136,0,1,1,0,1,2,0,1,1,0,0,0,0,0,0,1,0,0,0,0,1,1,1,0,0,2,0,0,1,0,0,0,1,1,0,0,2,2,1,1,2,0,0,1,0,2,1,0,1,0,2,0,1,0,0,0,2,0,0,2,0,1,0,0,1,0,1,0,0,0,1,0,0,2,0,0,0,1,1,0,0,0,2,1,0,0,1,1,1,0,0,2,0,0,0,0,0,1,0,0,1,1,0,1,2,1,0,0,0,0,0,2,0,0,0,0,0,1,0,1,1,0,0,0,2,0,1,1,0,1,0,0,2,1,0,0,0,0,1,0,1,1,0,1,1,1,0,1,0,0,0,0,0,1,0,0,1,0,0
ind_137,0,0,0,2,1,0,0,0,1,0,2,0,1,0,0,0,0,1,1,0,0,0,1,0,0,1,0,0,1,1,0,0,0,0,0,1,0,0,0,0,0,0,0,0,0,1,0,1,2,0,1,0,2,0,0,0,0,0,1,0,1,0,1,1,1,0,1,0,0,0,0,1,2,1,0,0,0,0,0,0,0,2,1,0,1,0,1,1,0,0,0,0,0,2,0,1,1,0,1,0,1,0,0,2,0,1,1,0,0,1,0,0,1,0,1,0,0,0,0,0,0,1,1,0,0,2,0,0,1,1,0,2,0,1,0,0,0,2,1,1,0,0,0,0,2,0,0,1,2,0,1,0,0,0,0,1,2,0,0
ind_138,0,0,0,0,0,1,0,0,1,1,0,1,0,0,1,0,1,1,0,0,0,1,1,0,0,0,1,0,1,1,0,0,2,2,0,0,0,1,1,0,0,0,2,0,0,1,0,0,1,0,1,0,2,0,0,0,1,0,0,0,1,1,0,0,0,0,0,1,0,1,0,0,0,2,1,0,0,0,0,1,0,0,0,1,0,1,0,0,1,0,0,1,0,1,0,2,2,2,0,2,0,0,1,1,0,0,2,1,0,0,0,2,0,0,0,2,0,1,0,0,1,0,1,0,0,2,0,0,0,1,0,0,0,0,0,0,1,0,1,1,1,1,0,1,0,1,0,0,0,2,1,1,2,0,1,1,0,0,1
ind_139,0,0,0,0,1,1,0,0,0,0,0,2,2,0,0,0,0,1,0,2,1,0,2,0,1,0,0,0,1,1,1,0,0,0,0,1,1,0,0,1,0,0,1,1,0,1,1,1,2,0,2,2,2,1,0,0,2,0,2,0,0,1,0,2,0,1,0,0,1,1,0,2,0,0,0,0,0,0,0,0,1,2,1,0,1,0,1,0,0,1,0,0,1,2,1,0,0,0,0,0,0,2,2,1,0,0,0,0,1,1,0,0,0,1,0,0,1,0,2,0,2,0,1,1,1,0,1,2,0,0,0,0,0,1,1,2,2,1,0,0,2,0,0,1,0,1,0,0,1,0,0,1,0,1,0,0,1,0,1
ind_140,1,1,0,0,0,0,0,0,0,0,0,1,1,1,1,0,0,1,0,1,0,2,2,1,1,0,0,1,0,1,1,0,0,1,0,2,0,1,1,1,1,0,0,0,0,0,0,0,1,0,0,1,1,1,1,0,0,0,0,1,0,2,0,0,1,0,1,1,0,1,1,2,1,0,0,0,0,1,2,0,0,1,0,0,1,0,0,1,0,1,1,0,0,0,1,0,0,0,0,2,0,2,1,1,0,0,0,1,0,0,1,0,0,0,1,0,0,0,0,0,0,2,2,0,1,1,0,0,0,0,1,1,0,1,1,1,1,1,0,0,0,1,1,0,0,0,0,0,0,0,0,1,0,0,0,1,0,0,1
ind_141,0,0,1,2,0,1,0,0,0,1,1,0,1,0,0,0,1,0,0,1,0,0,0,0,0,1,1,0,1,1,2,0,1,0,1,0,0,2,0,0,0,0,2,0,0,1,2,0,0,1,1,0,0,0,0,0,0,0,0,2,0,1,0,0,0,1,0,1,0,1,0,0,0,0,0,0,0,2,0,0,1,1,1,0,0,0,0,0,2,2,1,2,0,1,1,1,1,0,0,1,0,2,2,0,2,2,0,1,0,0,0,0,0,1,0,1,1,0,0,1,0,0,1,0,1,0,0,1,1,0,0,1,0,0,0,0,0,0,0,2,0,2,1,0,0,0,0,0,0,0,1,0,0,0,0,0,1,0,0
ind_142,1,2,0,0,1,1,0,0,0,1,0,2,1,0,0,0,0,0,0,2,1,1,1,0,1,1,0,1,1,0,2,1,0,1,0,0,0,0,1,0,0,0,1,0,0,0,0,1,0,0,1,1,1,1,2,0,2,2,0,1,1,0,1,0,0,0,1,1,0,0,0,0,0,1,1,1,0,1,0,0,0,0,0,1,0,1,0,0,0,0,1,0,1,0,0,0,0,0,0,1,1,0,1,0,0,2,1,0,0,0,0,1,0,0,1,1,2,0,0,1,0,1,0,0,0,1,2,0,0,1,0,0,0,0,0,0,0,0,0,1,0,1,0,0,0,0,0,0,1,0,0,0,0,0,2,0,1,0,0
ind_143,1,0,0,1,0,0,0,0,0,0,0,0,1,0,2,0,0,0,1,0,0,0,0,1,1,0,1,0,0,2,0,1,1,2,1,2,1,0,2,1,0,0,0,0,0,0,0,0,0,0,0,0,1,0,0,0,1,0,2,0,2,0,2,1,0,0,1,0,2,1,0,1,0,0,1,0,1,0,0,0,1,1,1,1,0,1,1,0,0,0,0,0,2,0,0,1,0,1,0,2,0,0,0,0,1,0,0,0,0,1,0,0,0,1,0,0,0,0,0,0,0,0,0,1,1,1,0,0,0,0,0,0,1,1,0,0,1,1,0,0,1,2,0,0,2,1,0,1,1,1,0,0,0,1,0,1,1,1,0
ind_144,0,0,0,0,0,0,1,0,1,0,0,2,0,0,0,0,0,0,1,1,1,1,0,0,0,0,2,2,0,2,0,1,0,1,1,2,0,0,0,2,0,1,1,0,0,0,2,0,1,0,0,1,0,1,0,0,0,1,0,0,0,0,0,0,0,0,0,1,0,0,0,0,0,0,0,0,2,0,1,1,0,0,0,2,0,0,0,1,0,0,1,1,0,0,1,0,1,1,0,0,1,1,0,0,0,1,0,0,0,2,0,0,0,0,0,1,1,1,0,1,1,0,0,1,1,0,0,0,1,1,1,1,1,1,0,0,0,0,0,1,1,0,0,0,0,1,0,0,0,0,1,0,2,0,1,0,2,1,1
ind_145,2,0,1,0,0,1,0,0,0,0,1,1,1,1,0,2,2,1,1,1,0,0,0,0,0,0,1,0,1,0,1,2,0,0,0,0,0,0,1,0,1,0,0,0,1,0,1,0,2,2,1,0,0,0,0,1,0,0,0,0,0,1,0,0,0,2,0,0,1,0,0,1,1,0,0,1,1,1,1,0,0,1,0,0,0,2,1,0,0,0,0,1,2,0,0,0,0,1,0,2,1,0,1,1,1,2,0,1,2,1,0,1,0,1,0,1,1,0,2,0,0,1,1,1,0,1,1,2,1,0,0,0,0,0,0,0,0,0,1,0,1,0,0,1,0,1,1,1,1,1,0,1,0,1,0,0,0,1,0
ind_146,2,1,0,0,0,1,1,1,1,1,1,0,0,1,0,0,0,0,0,0,0,0,0,1,0,0,2,0,0,1,1,0,0,1,0,0,0,0,0,2,0,1,2,0,1,2,1,1,2,2,1,1,0,0,0,0,0,0,1,0,0,2,0,0,0,1,0,1,2,1,0,1,1,1,2,0,0,0,1,1,0,2,1,0,0,0,1,0,0,0,1,1,0,0,0,2,1,1,2,1,0,0,1,0,1,0,0,0,0,0,1,1,0,0,0,1,0,1,0,0,0,0,0,1,0,0,1,0,0,0,1,0,0,0,0,0,0,2,0,0,0,0,0,1,1,1,1,0,1,1,0,0,2,1,0,0,0,0,0
ind_147,1,0,0,0,0,0,0,0,2,0,1,1,0,0,1,0,0,0,0,0,0,0,2,1,0,0,1,2,0,0,0,2,1,0,1,1,1,1,0,2,1,1,0,0,1,0,0,0,0,0,0,2,0,1,0,0,0,1,1,0,0,0,0,1,0,1,0,0,1,2,1,0,0,1,1,0,0,0,1,1,0,0,0,0,0,2,0,1,0,0,1,0,1,0,0,0,0,0,1,0,0,0,1,2,1,1,1,0,1,0,0,0,2,1,0,0,1,0,0,1,1,0,0,0,1,0,1,1,0,1,0,0,2,0,0,0,0,2,2,1,0,0,0,0,1,0,0,0,0,1,2,1,1,0,0,2,0,0,0
ind_148,1,0,0,0,1,0,1,0,2,0,0,0,0,0,0,1,0,0,1,0,1,1,0,0,0,2,1,1,0,0,2,0,0,1,0,0,0,0,2,1,0,0,0,0,0,0,0,0,0,0,0,0,0,1,0,0,2,0,0,0,0,0,1,1,0,1,0,0,1,1,1,0,0,0,0,0,0,0,2,1,0,0,0,1,1,0,1,0,1,0,0,0,0,0,0,0,0,1,1,0,2,0,0,2,2,0,1,1,0,0,0,0,0,0,1,0,2,0,0,0,0,0,2,2,0,0,0,2,0,0,1,0,0,0,0,0,0,0,0,0,0,0,1,0,1,0,2,0,1,1,2,0,0,0,1,1,0,0,0
ind_149,1,0,0,0,2,1,0,1,2,1,1,1,0,0,0,0,0,2,0,0,1,1,0,0,1,1,1,0,0,1,0,0,0,0,0,0,0,0,0,0,0,0,1,0,0,0,2,0,1,0,0,1,0,0,0,1,1,0,1,0,1,0,2,0,1,1,0,0,0,0,1,0,0,2,1,0,0,0,0,1,0,0,0,1,1,0,0,0,1,0,2,0,1,0,0,1,1,0,0,1,0,1,1,1,1,0,2,0,0,2,0,0,1,0,1,1,0,0,0,0,2,0,0,0,0,1,1,0,0,1,1,2,1,0,0,1,1,0,0,1,0,0,1,0,1,1,1,0,2,0,1,0,0,1,0,2,0,0,0
ind_150,0,1,0,1,1,2,1,1,0,1,0,1,1,0,0,0,1,0,0,0,0,0,0,0,0,1,0,0,0,0,0,1,0,0,0,1,1,0,0,0,1,1,0,0,0,1,0,0,1,0,0,0,2,0,0,0,0,0,0,0,0,2,0,0,1,1,1,0,0,1,0,0,0,1,1,1,0,0,0,0,0,0,0,0,0,0,1,1,2,2,0,0,0,2,0,0,0,0,1,1,0,0,1,0,0,0,1,1,0,0,0,0,2,1,0,1,0,0,0,0,0,0,2,0,1,0,1,1,1,0,0,0,1,0,1,2,0,1,2,1,1,0,1,0,1,1,0,0,1,1,0,0,1,1,1,0,0,0,0
ind_151,0,0,1,2,1,1,0,0,2,0,0,0,2,0,0,1,1,1,0,0,0,0,2,0,1,1,0,0,1,2,0,1,1,0,0,1,1,0,0,0,0,1,1,0,0,0,1,0,0,0,1,0,1,0,0,1,0,0,0,0,0,0,0,0,0,0,0,0,0,0,0,0,0,0,1,0,1,1,1,0,0,0,1,2,0,1,1,0,0,0,1,0,1,0,0,1,0,0,0,1,0,0,1,2,2,0,0,0,1,1,0,1,0,0,0,0,2,1,1,1,1,1,1,1,0,0,1,0,1,1,0,1,0,0,0,1,0,2,1,0,0,0,0,1,1,0,0,0,0,0,0,0,1,0,0,0,0,0,0
ind_152,1,0,0,1,1,0,1,1,0,0,1,2,0,0,0,0,0,1,1,2,0,0,0,1,1,2,0,1,1,1,0,1,2,2,0,2,2,0,0,0,0,0,0,2,0,0,0,0,0,1,0,0,0,0,0,0,2,2,1,0,0,1,0,1,2,1,1,0,2,0,1,0,0,0,1,2,0,1,0,0,1,0,1,0,1,0,2,2,2,0,0,2,1,0,0,1,1,0,0,1,0,2,1,1,1,0,1,0,0,0,0,0,1,0,0,1,1,1,0,1,1,0,1,1,0,0,0,0,1,0,2,2,1,0,1,0,1,2,0,0,0,0,2,1,1,2,0,0,0,1,0,0,0,1,0,0,0,0,0
ind_153,0,2,0,2,1,1,1,0,1,1,0,2,0,2,0,2,2,0,1,2,0,1,0,1,0,0,0,0,0,1,0,1,2,1,0,2,2,1,1,1,1,0,0,1,2,1,1,0,0,2,1,0,0,0,0,0,0,1,2,0,0,0,1,0,0,0,0,0,1,1,1,0,0,1,0,0,0,0,1,1,2,2,0,1,0,1,0,0,0,1,1,0,1,2,0,1,1,0,0,0,0,1,0,0,0,0,1,1,0,0,0,0,0,1,0,0,0,1,0,0,1,0,2,1,1,1,0,1,0,2,0,0,1,0,1,0,0,0,0,0,0,0,1,2,1,1,0,0,0,0,0,1,0,2,1,0,0,0,0
ind_154,0,2,0,0,0,0,0,0,0,1,1,0,0,0,2,0,1,0,0,2,1,0,1,0,0,1,1,0,0,0,0,0,0,2,1,0,1,0,1,0,0,1,1,2,0,2,1,0,1,2,0,2,1,0,1,0,0,0,2,1,0,2,0,0,1,0,0,1,0,0,0,0,1,2,1,0,1,1,0,0,2,2,0,1,0,1,2,0,0,1,0,0,0,1,1,0,0,0,0,0,0,0,1,0,0,0,0,1,0,1,0,1,0,1,0,1,0,0,2,1,1,1,0,0,2,0,0,0,2,2,0,0,0,1,2,0,0,1,0,2,1,0,0,0,0,0,1,0,0,0,0,1,0,0,0,1,0,1,0
ind_155,1,0,1,0,0,0,1,1,2,1,2,1,0,1,0,1,1,0,2,1,2,1,1,1,0,0,1,0,0,1,0,0,1,0,2,1,1,0,0,2,0,1,1,1,2,0,0,0,0,0,1,0,0,0,0,0,2,1,2,1,0,0,0,0,0,1,0,1,2,1,0,2,0,0,1,0,0,0,0,0,0,2,0,1,0,0,0,0,0,0,0,0,0,0,0,0,0,1,0,1,2,0,0,0,1,1,0,1,0,0,0,1,1,0,1,0,2,0,0,0,0,0,0,0,0,2,0,0,0,0,0,1,2,0,1,1,0,1,1,1,1,0,2,2,0,0,1,2,1,2,0,0,1,1,2,0,0,0,0
ind_156,1,0,0,1,0,2,0,2,0,0,0,1,0,0,1,1,0,1,2,0,1,0,2,0,2,0,0,2,1,0,1,1,0,0,1,1,0,0,0,0,1,1,0,0,0,0,0,0,1,2,0,0,0,2,0,0,0,2,0,0,1,1,1,0,1,0,0,2,0,1,2,0,0,0,2,0,0,0,0,0,1,0,0,1,0,1,0,0,0,2,1,0,0,0,0,0,1,0,0,0,0,0,0,0,1,0,0,2,0,0,0,0,0,0,1,1,1,0,0,0,0,2,1,0,1,2,0,2,0,0,2,1,0,0,0,1,0,2,0,0,0,0,1,0,0,1,1,1,0,2,0,0,1,0,0,0,0,0,0
ind_157,1,1,1,0,1,0,0,0,0,0,1,1,0,0,0,0,0,1,0,1,1,0,2,0,0,1,1,0,1,0,1,0,0,2,0,0,1,2,0,1,2,2,0,0,0,0,1,0,1,0,0,0,0,0,0,1,0,1,0,1,0,0,2,1,0,0,1,0,0,1,0,0,0,2,0,1,1,1,0,0,0,1,0,0,0,0,0,0,0,0,0,1,1,0,0,1,0,1,0,2,0,0,1,1,0,0,0,0,1,2,0,1,1,1,0,0,1,0,0,1,0,0,1,0,0,1,0,1,1,0,1,0,1,1,0,0,1,0,0,1,0,2,0,1,0,1,0,0,1,0,1,0,0,0,0,1,2,1,0
ind_158,0,0,1,1,0,0,0,1,1,1,1,1,0,1,0,0,1,0,0,1,0,0,0,0,2,1,1,1,0,1,0,2,0,1,1,2,0,1,2,0,0,0,0,0,0,1,1,1,0,0,0,0,1,0,0,2,0,0,0,0,1,0,2,0,0,1,1,0,0,1,0,0,0,1,0,1,1,0,1,1,1,1,1,0,0,1,0,0,0,1,0,1,0,1,1,0,0,0,0,1,1,0,0,0,0,0,0,0,1,0,1,0,0,0,0,0,1,1,0,0,1,0,2,0,0,0,1,1,0,1,1,0,0,1,1,1,1,0,0,0,1,0,0,0,0,0,1,1,0,1,2,0,1,0,0,2,0,1,0
ind_159,1,0,0,0,0,0,1,0,0,1,2,1,0,0,0,1,1,2,0,0,0,2,1,1,0,0,1,1,2,0,0,1,0,2,1,0,0,1,0,2,0,1,0,1,0,0,0,1,0,0,0,0,0,1,1,0,0,1,1,0,0,0,1,0,1,0,0,0,1,2,1,1,0,1,0,1,0,0,0,1,1,0,2,2,2,0,1,0,1,1,1,0,0,0,0,0,0,2,2,0,2,0,0,1,0,1,1,0,1,0,2,1,0,1,1,0,1,2,1,1,0,1,0,0,2,2,1,0,0,0,1,0,0,0,0,0,2,1,0,1,0,1,0,0,0,0,1,0,2,0,0,1,0,0,0,0,0,0,0
ind_160,1,0,1,0,1,0,2,0,0,1,1,1,0,0,0,0,0,1,0,0,0,0,1,0,1,0,1,0,0,0,0,0,1,2,0,0,1,0,0,0,0,1,0,1,0,0,0,1,0,0,0,0,0,0,2,0,0,0,0,0,0,0,0,0,0,1,0,2,0,0,2,0,0,1,0,0,0,1,1,0,0,0,2,1,0,1,0,1,0,2,1,1,0,1,1,0,0,1,0,0,1,1,0,0,2,1,0,1,1,0,0,1,0,1,0,0,0,0,1,1,0,0,0,0,2,1,0,2,1,0,0,1,0,0,0,0,0,1,0,0,0,0,0,0,0,0,1,0,0,0,1,2,2,1,0,0,1,1,0
ind_161,2,0,0,2,0,0,0,0,0,0,0,1,0,1,2,0,0,0,0,0,0,1,0,0,0,0,0,0,1,0,1,2,1,1,0,0,1,1,0,0,0,0,1,0,0,0,0,2,0,1,2,0,0,2,0,0,0,0,0,0,0,2,1,0,0,0,0,0,0,0,1,1,0,1,0,0,0,1,0,0,1,2,2,0,0,0,2,0,0,0,1,0,1,0,0,0,0,0,0,0,0,0,0,0,0,0,0,0,0,0,0,0,0,1,0,0,0,1,0,0,0,1,0,0,1,0,1,0,0,0,1,0,1,0,0,1,1,1,0,0,1,1,0,0,0,0,0,1,0,0,0,1,1,0,1,0,0,0,0
ind_162,0,0,0,0,1,1,0,0,1,0,0,0,0,0,0,0,0,0,1,1,2,1,1,2,0,1,0,1,1,1,1,0,1,0,0,0,0,0,0,2,0,0,1,1,0,0,1,0,0,0,0,0,0,0,0,1,2,0,0,0,0,0,2,0,0,1,1,0,0,0,2,1,0,0,0,0,1,1,0,0,0,0,0,0,0,0,0,0,1,1,1,0,0,1,1,0,2,0,0,2,0,0,2,1,0,0,1,0,0,2,0,0,1,2,0,1,0,0,0,0,0,0,1,0,1,0,0,0,1,1,0,0,1,0,1,1,0,1,1,0,1,2,0,0,0,0,0,1,0,0,2,1,1,0,1,0,0,0,0
ind_163,0,0,0,1,0,0,0,0,0,0,0,0,0,0,0,0,0,0,1,1,0,0,0,2,0,1,0,0,0,0,0,0,0,1,0,0,1,0,0,1,1,0,0,0,0,0,0,0,0,1,0,0,2,0,1,2,0,0,0,1,1,1,1,0,1,1,0,0,2,0,2,1,0,1,0,1,0,0,0,2,0,1,0,0,0,1,0,0,0,0,0,2,1,0,0,2,0,0,1,2,0,0,1,0,0,0,1,1,0,1,0,1,2,2,1,0,0,0,1,1,2,1,1,2,0,0,1,0,0,0,2,1,0,0,0,0,0,0,0,0,1,1,1,1,2,2,0,1,1,0,0,0,0,2,1,2,1,1,0
ind_164,0,0,0,2,2,1,0,0,0,0,1,0,0,1,0,0,0,0,2,0,2,0,0,1,1,1,0,2,0,0,1,2,0,0,0,2,0,1,0,0,0,1,0,2,1,1,1,1,0,1,2,0,0,0,1,0,1,0,0,0,0,0,1,0,0,1,2,0,0,1,2,2,0,0,0,0,0,1,0,0,1,0,0,1,0,1,1,0,0,2,2,2,1,0,1,0,1,1,1,0,1,0,0,1,2,0,1,0,1,0,0,0,0,1,1,0,0,0,0,0,1,1,1,0,2,1,1,1,0,1,1,0,0,0,0,0,0,0,0,0,0,0,0,1,1,0,1,0,0,0,1,1,0,0,0,0,2,2,1
ind_165,0,0,1,0,0,0,0,0,0,1,0,0,0,0,1,0,0,0,0,0,1,2,1,0,0,0,0,1,0,1,0,2,0,1,0,2,0,1,1,1,1,0,0,0,2,1,0,0,0,0,2,1,2,0,0,1,2,0,0,1,0,0,1,2,2,0,0,0,1,0,0,0,0,1,0,0,0,0,0,2,0,1,0,0,1,0,0,0,0,1,1,0,1,0,2,0,1,0,1,1,0,0,0,0,1,0,0,0,2,0,1,1,0,0,2,0,0,0,2,0,0,0,1,0,1,0,0,1,0,1,1,1,0,1,0,0,0,0,0,0,0,0,1,0,1,1,0,1,0,0,0,0,0,1,0,1,0,0,0
ind_166,2,0,0,1,1,0,0,1,0,1,0,2,1,0,0,0,0,0,0,0,0,0,0,1,0,0,0,1,0,0,0,1,1,1,0,1,2,1,1,0,0,0,0,0,1,2,1,1,0,1,0,0,2,0,0,1,0,0,0,1,0,1,0,1,1,0,0,1,1,0,2,0,0,1,1,2,0,0,1,0,0,2,0,0,0,1,0,1,0,2,0,0,0,1,0,0,2,2,2,2,2,1,0,0,2,0,0,0,0,1,1,0,1,0,0,0,0,0,0,0,0,1,1,1,0,1,0,0,2,0,0,0,2,0,0,0,1,1,1,1,0,0,1,0,0,0,0,1,1,0,1,0,0,1,0,1,0,0,2
ind_167,1,1,0,0,0,1,0,0,0,0,0,0,0,0,0,1,0,0,1,1,0,0,1,0,1,1,1,0,0,1,1,0,0,2,0,0,1,1,2,1,0,1,0,2,1,0,0,1,2,1,0,0,1,0,1,0,0,0,0,0,0,0,0,0,0,0,0,2,0,0,0,2,0,2,1,0,0,1,0,0,2,0,0,0,0,0,0,0,1,0,0,0,0,1,1,0,0,0,1,0,1,0,0,0,0,0,1,0,1,1,2,1,1,0,0,0,0,1,1,1,0,1,0,0,0,0,1,1,0,0,2,1,0,0,0,1,1,1,0,0,1,0,0,1,2,0,1,0,0,0,0,2,1,2,0,1,0,0,0
ind_168,2,0,0,0,2,1,0,0,1,1,2,0,0,2,1,1,0,0,0,0,0,0,0,0,0,0,1,0,0,0,2,0,0,0,0,0,0,2,0,0,1,1,0,1,0,0,0,2,1,1,0,1,2,0,0,2,0,1,1,0,0,0,0,0,0,0,0,2,1,0,1,0,0,0,1,1,0,0,1,0,1,0,0,0,1,0,0,1,0,0,0,0,1,0,2,1,1,0,0,0,0,1,1,1,1,0,2,1,1,1,0,0,0,0,0,1,0,0,0,0,0,0,0,1,0,1,0,1,0,0,0,0,0,0,2,1,0,1,0,0,0,0,1,0,0,2,1,0,1,2,0,0,2,1,1,2,1,0,0
ind_169,1,1,0,0,0,1,2,1,1,0,0,0,1,0,2,0,0,0,1,1,0,1,0,2,0,1,0,0,0,0,1,0,0,2,0,0,0,0,0,0,1,1,1,0,2,1,0,2,0,0,2,0,2,0,1,1,0,0,1,0,0,1,1,0,1,0,1,0,1,0,1,0,0,0,1,0,1,1,1,0,1,0,1,0,0,0,0,2,2,0,1,0,1,0,1,0,0,0,1,1,0,0,1,1,2,1,0,0,1,0,1,0,0,1,0,2,1,0,0,1,1,0,1,1,0,0,1,1,0,0,2,0,1,0,0,0,0,0,1,0,0,0,0,0,0,1,1,0,1,1,1,1,0,0,2,0,1,0,2
ind_170,0,0,1,0,0,1,1,1,0,2,2,0,0,0,0,1,0,1,0,1,0,0,1,1,2,0,2,0,1,0,0,1,1,1,0,0,0,1,2,0,0,1,0,0,0,0,0,0,1,0,1,2,1,1,1,2,1,0,1,0,0,1,0,0,0,0,2,1,1,0,0,1,0,0,0,0,0,1,0,0,0,0,1,0,0,1,0,0,0,1,0,1,2,2,2,0,1,0,0,1,0,0,0,1,0,2,1,0,0,0,1,1,2,0,0,1,1,0,2,0,1,2,1,2,0,0,1,0,0,0,0,0,0,1,1,2,0,0,0,0,1,0,1,0,0,1,1,1,0,0,0,0,2,1,0,1,1,0,0
ind_171,0,1,0,2,0,1,0,1,0,0,1,1,0,0,0,0,1,0,2,1,1,2,2,2,0,0,0,0,0,0,0,0,0,0,1,2,2,0,0,1,0,1,0,1,0,0,1,1,0,0,2,2,0,1,1,0,0,0,0,1,1,2,0,0,0,0,2,0,0,0,0,1,1,0,0,0,0,1,0,2,0,0,0,1,0,1,0,0,0,1,0,2,0,0,0,2,0,0,0,0,0,1,1,0,0,1,0,0,1,0,0,0,0,0,1,0,0,1,1,0,0,0,0,1,0,0,0,0,2,1,0,1,0,0,0,0,0,1,0,0,0,0,0,0,1,0,0,0,0,0,1,0,0,0,1,1,0,2,2
ind_172,1,0,0,0,0,2,0,0,1,0,0,0,0,1,1,0,0,1,1,1,1,0,0,1,1,1,1,1,0,0,0,0,0,0,0,0,0,0,0,0,0,0,0,1,0,0,0,0,0,0,1,1,1,2,0,1,0,0,0,1,0,0,0,2,0,0,0,0,0,1,0,1,0,0,2,0,2,1,2,1,2,1,0,1,0,0,0,1,0,1,0,0,2,1,1,1,0,0,1,0,2,2,0,0,0,0,0,0,0,2,2,0,0,0,0,1,0,1,0,1,1,0,1,1,0,0,1,0,1,0,0,0,0,1,1,1,0,0,0,0,1,0,0,0,0,0,0,0,0,0,1,1,1,1,2,0,0,0,1
ind_173,0,0,1,1,0,2,0,1,0,2,1,1,1,0,1,0,0,1,0,0,0,0,0,1,0,2,2,0,1,0,0,0,0,0,0,0,0,1,2,1,0,1,0,1,0,0,1,0,0,1,1,0,0,0,1,2,1,0,1,0,2,0,0,2,1,2,0,2,1,1,0,1,0,0,0,0,0,1,0,0,0,0,1,0,0,0,0,0,1,0,0,0,0,2,1,0,1,0,0,0,0,0,1,1,1,0,1,1,0,0,0,0,1,0,0,0,1,0,0,1,1,0,0,0,1,0,1,0,0,0,2,0,0,0,1,0,1,2,1,0,0,0,0,1,1,1,0,1,1,2,0,2,1,0,0,1,1,0,0
ind_174,1,1,0,1,0,1,2,0,1,1,0,0,0,0,0,1,1,0,1,0,1,0,2,2,0,0,0,2,1,1,0,2,0,1,1,2,0,2,1,1,0,0,0,1,0,0,0,0,1,1,1,2,1,0,1,0,0,0,1,1,2,0,1,1,1,0,0,2,0,0,1,0,0,1,1,0,1,0,1,0,0,1,1,0,1,1,1,1,1,0,0,2,0,2,1,0,0,0,1,0,0,0,1,0,1,0,2,0,0,0,1,1,0,0,2,0,0,1,0,0,0,1,0,0,0,1,1,0,0,1,0,0,0,2,0,0,1,0,0,1,2,1,1,0,0,1,0,1,0,0,0,1,1,0,0,0,1,0,0
ind_175,2,0,1,0,1,1,0,1,0,0,0,1,1,1,0,0,0,0,0,0,0,1,0,0,1,0,0,1,0,0,0,1,1,2,1,0,2,0,1,0,0,0,0,0,1,1,0,0,0,1,0,0,0,2,1,1,0,1,0,0,0,0,0,2,0,0,0,1,1,2,0,1,0,2,0,0,1,0,1,0,0,1,0,0,0,0,1,1,1,0,0,1,0,0,0,1,1,0,1,0,1,1,0,0,0,1,2,0,1,1,0,0,0,0,0,0,0,1,2,1,0,1,0,2,0,0,1,0,1,0,0,1,0,0,0,0,0,0,0,0,0,0,0,0,0,0,0,0,1,0,1,0,0,0,2,1,1,1,0
ind_176,2,2,2,0,0,0,0,0,2,0,1,0,2,0,2,0,1,1,1,0,0,0,1,1,0,0,1,0,0,0,1,0,0,1,0,0,0,0,2,0,1,0,0,0,0,0,0,1,1,0,0,1,0,0,0,2,0,0,2,1,1,0,1,0,0,0,2,0,0,0,1,0,1,1,0,1,0,0,0,1,0,0,1,1,1,0,1,0,0,2,2,0,0,0,0,1,1,0,1,0,1,1,0,0,0,0,0,0,1,0,1,1,0,0,1,0,0,0,0,0,0,0,0,0,0,1,0,0,0,0,1,1,0,0,0,1,0,0,2,0,0,0,0,1,1,0,0,0,1,0,0,0,0,1,1,0,1,1,1
ind_177,0,0,1,0,1,0,1,0,0,0,2,0,0,0,0,1,0,0,1,0,1,0,2,1,2,1,0,1,1,1,0,1,0,0,0,1,0,0,1,2,0,0,0,1,1,0,0,0,0,1,0,0,0,0,0,0,0,0,1,0,0,0,1,0,0,1,2,0,0,0,0,1,1,0,1,0,2,0,0,0,0,0,1,0,0,0,0,0,1,1,2,2,0,0,1,1,0,0,0,0,0,0,0,1,0,2,0,0,0,0,1,0,0,1,1,0,1,0,0,0,0,0,1,0,0,2,1,1,1,0,0,0,0,1,0,0,0,0,0,0,1,0,0,0,2,1,0,1,0,0,1,0,0,2,0,0,0,0,0
ind_178,0,1,2,2,1,2,2,0,1,0,0,0,1,1,0,0,0,0,0,1,1,0,0,0,0,1,1,1,0,0,0,0,1,2,0,1,0,1,0,1,0,1,0,0,0,1,0,1,1,1,1,0,0,0,0,0,1,0,0,1,1,0,0,1,0,1,0,0,0,0,0,0,0,1,1,0,0,1,2,0,0,0,2,1,1,2,0,0,0,0,0,2,2,1,2,1,0,0,1,2,1,1,1,0,0,0,1,0,1,1,1,0,1,2,0,0,0,0,0,0,0,0,0,0,0,1,2,2,1,0,0,0,0,0,0,0,0,2,0,0,0,1,1,2,1,0,0,0,0,1,1,1,0,1,0,1,1,1,0
ind_179,1,0,0,0,0,0,1,1,1,0,0,0,1,0,1,1,0,1,1,2,0,0,0,1,1,0,2,0,1,1,1,0,1,0,1,1,0,0,0,1,0,1,0,2,0,0,0,0,0,0,1,0,2,0,0,1,1,0,0,0,1,2,1,0,0,0,1,1,1,2,0,1,0,0,0,0,0,2,0,1,0,1,1,0,1,1,0,0,0,1,0,0,1,1,0,0,1,1,0,2,2,1,2,0,1,0,0,0,0,1,1,0,0,0,0,2,0,0,0,0,0,0,0,0,0,1,0,1,1,0,0,0,0,0,0,0,1,0,1,0,0,1,1,0,0,1,0,0,0,1,0,1,0,1,1,1,1,1,0
ind_180,0,0,0,0,1,2,1,0,1,0,1,0,1,0,2,0,0,0,1,0,1,2,0,1,0,1,0,0,0,0,2,2,1,0,0,0,1,0,0,1,0,1,0,0,0,0,1,0,1,0,0,0,0,2,0,0,0,1,0,0,0,0,1,1,0,0,0,0,1,0,0,1,1,1,0,0,0,0,0,2,0,0,0,2,1,1,0,1,1,2,0,1,0,1,0,0,1,0,0,1,0,0,1,0,2,0,1,0,0,0,0,0,1,0,0,0,0,1,0,1,0,1,1,0,0,0,0,1,0,0,0,2,0,0,1,2,0,0,0,1,0,0,1,2,1,0,0,0,0,0,0,0,0,0,0,0,0,0,0
ind_181,1,0,0,2,2,0,0,0,0,0,0,2,1,0,0,0,0,0,1,2,0,1,1,0,0,0,2,0,1,2,0,0,0,0,0,0,1,1,0,0,0,0,0,0,0,0,1,1,0,1,0,0,2,2,1,0,1,0,0,0,0,0,0,0,1,1,0,0,0,0,0,1,1,0,2,0,1,1,0,0,2,1,1,0,2,0,0,2,1,1,0,0,0,0,1,2,1,1,0,0,0,0,0,1,0,0,0,0,0,0,2,0,0,0,0,1,1,1,0,0,2,0,1,0,0,1,0,0,0,1,1,0,1,2,0,1,0,0,1,1,0,0,1,1,0,0,0,0,0,0,0,1,0,1,0,2,1,1,2
ind_182,0,0,1,0,2,0,1,1,1,0,1,2,1,0,0,0,0,1,1,0,0,0,0,0,0,1,1,0,0,0,0,1,1,0,0,1,2,0,0,0,0,1,1,1,0,2,0,0,0,0,0,1,1,2,0,1,0,0,2,2,1,1,0,0,1,0,0,1,0,1,0,0,1,0,0,0,0,1,1,0,1,2,1,2,0,0,1,0,1,2,0,1,1,0,2,0,0,0,0,0,1,0,2,0,1,0,0,0,0,0,0,1,2,1,1,0,2,0,0,1,1,1,0,0,0,1,0,1,0,0,0,0,0,0,0,0,1,0,0,2,0,0,0,0,0,2,0,1,0,0,0,0,0,1,0,1,2,1,0
ind_183,1,0,1,1,1,0,0,0,0,0,1,1,0,1,0,0,1,1,0,0,0,0,0,1,1,1,1,2,0,0,2,2,0,0,0,0,1,0,0,1,0,1,0,0,0,0,0,1,0,1,0,1,2,0,0,1,0,0,0,0,1,2,1,0,2,1,0,1,0,0,0,0,2,1,0,1,0,0,1,1,0,1,0,2,0,0,0,0,0,0,0,0,0,0,0,0,1,0,1,0,1,0,2,0,1,0,1,0,0,0,0,0,1,1,1,0,0,0,0,0,1,0,0,1,0,1,0,0,2,0,1,0,0,0,0,0,1,1,0,1,0,0,0,1,0,0,0,0,0,1,0,0,0,1,1,1,2,0,0
ind_184,1,0,0,1,0,1,2,0,0,0,1,0,0,0,1,0,0,1,0,0,1,2,2,0,1,0,2,1,0,1,1,1,1,0,0,0,0,0,0,1,1,2,1,1,0,1,0,0,1,2,1,0,0,0,0,0,2,0,0,0,1,0,1,0,0,0,0,1,1,1,0,2,0,1,1,0,1,1,1,0,2,0,1,1,2,0,0,0,0,0,0,1,0,2,0,1,0,1,2,0,1,1,0,1,0,0,1,1,0,0,0,1,0,0,0,0,2,1,1,0,0,0,2,1,1,0,0,0,0,0,2,0,1,0,0,1,2,1,1,0,1,0,1,2,0,0,0,0,1,0,0,1,0,1,1,0,0,0,0
ind_185,1,0,2,1,0,1,1,0,1,0,0,0,1,0,2,0,0,1,0,0,0,2,0,0,0,0,1,1,0,0,1,0,0,0,0,0,0,1,0,1,1,0,0,0,1,0,0,1,0,0,0,0,0,0,0,1,1,0,1,2,0,0,0,0,0,1,0,0,1,0,1,2,1,0,0,1,0,1,1,1,1,0,0,0,0,0,0,0,0,0,0,2,0,1,0,0,0,0,1,2,0,2,1,0,0,2,1,0,2,1,0,0,1,1,2,0,0,0,0,1,0,0,0,0,0,2,0,0,0,2,0,0,1,0,0,0,0,2,0,0,1,0,2,0,2,0,0,0,0,1,0,1,0,1,0,0,0,0,0
ind_186,0,0,0,1,1,0,0,1,0,0,0,0,2,1,0,1,1,1,0,0,2,0,2,2,0,0,1,0,0,0,0,0,0,2,1,0,0,1,0,0,1,2,1,0,0,1,2,1,0,0,0,0,2,0,1,0,1,0,0,0,0,1,1,0,1,1,0,0,2,1,1,2,0,0,0,1,2,0,0,0,2,0,0,1,2,1,0,0,0,0,0,1,0,1,0,1,1,0,0,0,1,0,2,0,2,0,0,0,0,0,0,0,0,0,1,1,1,1,0,0,0,0,0,0,1,0,1,0,0,1,0,1,1,2,2,1,1,2,1,0,1,0,2,2,2,1,2,0,0,0,0,0,0,0,0,0,2,0,0
ind_187,0,2,1,0,0,0,1,1,0,2,0,1,0,0,1,0,0,2,1,0,2,0,0,0,1,0,0,0,0,2,0,0,2,0,0,2,0,0,1,1,0,1,1,0,0,2,1,1,0,0,0,0,0,0,1,0,0,1,0,0,1,1,0,0,1,1,1,1,0,1,1,0,2,0,0,1,0,0,0,0,0,0,0,0,0,0,0,0,0,0,1,0,1,1,1,0,0,1,0,1,1,1,0,0,0,1,0,0,0,0,0,0,0,0,2,1,0,2,0,1,2,0,0,1,0,1,0,1,0,0,1,0,0,0,0,1,1,2,0,0,1,2,0,1,1,1,0,1,0,1,0,0,0,0,2,2,1,0,0
ind_188,0,2,0,0,1,0,0,1,0,2,0,0,1,0,0,0,1,0,0,1,0,2,0,2,2,0,2,0,0,1,1,0,0,0,0,0,0,1,1,1,1,0,0,2,0,2,0,1,0,2,2,0,0,1,2,0,0,0,0,1,2,1,0,0,1,0,1,0,0,0,2,0,0,1,0,0,0,1,0,1,0,1,2,0,1,0,0,0,2,0,0,1,1,0,1,1,0,0,0,1,1,0,0,0,1,0,0,1,0,1,0,0,1,0,0,1,1,2,0,1,0,0,0,1,1,0,1,0,0,0,2,0,0,0,1,0,0,0,0,0,0,1,0,1,1,0,2,0,0,0,1,0,0,0,0,0,0,1,0
ind_189,0,0,0,0,1,1,0,1,0,0,1,0,0,0,0,1,0,1,0,0,0,0,0,1,0,0,1,1,1,1,0,0,1,0,0,1,2,1,0,0,0,0,0,0,0,0,0,0,0,0,0,2,0,2,0,2,0,0,1,0,0,0,0,1,1,1,0,1,0,0,0,0,1,1,0,0,0,2,1,0,0,2,0,0,0,0,1,0,1,1,1,1,0,0,1,0,0,0,0,1,0,0,0,0,1,0,0,1,2,0,1,0,0,0,0,1,0,0,0,1,0,0,1,1,0,0,0,1,2,2,1,0,0,1,0,1,2,0,0,0,0,0,0,0,1,0,1,2,1,0,1,0,0,0,0,1,0,0,0
ind_190,2,0,0,0,1,1,0,2,0,2,1,1,0,2,0,0,1,0,0,0,0,0,0,0,2,0,0,1,0,1,0,0,0,2,0,2,0,1,0,0,1,2,0,0,1,0,2,0,0,0,0,1,0,0,0,2,0,0,1,0,2,0,1,1,0,0,0,0,0,1,2,2,0,0,1,0,0,0,0,0,0,0,0,1,1,1,2,0,0,1,2,0,1,0,0,0,1,1,0,1,0,0,2,1,0,0,1,0,1,0,0,0,0,1,0,0,1,1,2,2,0,0,2,1,1,1,1,0,0,2,0,0,0,1,0,0,0,2,0,1,1,0,0,1,1,0,0,0,0,1,0,0,0,1,0,0,0,0,0
ind_191,1,0,0,0,1,2,2,0,0,0,2,1,0,0,2,0,1,1,0,1,0,0,0,1,1,0,0,0,1,0,0,1,0,0,0,1,0,0,0,0,1,0,0,2,1,0,1,0,0,1,1,0,0,0,0,0,0,1,1,0,0,1,0,1,1,1,1,0,2,0,0,0,0,0,0,0,1,0,1,0,0,0,0,1,1,0,0,0,2,0,1,0,1,0,0,0,0,0,0,1,0,1,2,0,0,1,0,0,0,0,1,0,2,0,2,0,1,0,0,1,0,0,2,0,0,1,1,2,1,0,2,0,0,1,0,0,0,0,1,0,2,2,0,0,1,0,0,0,0,1,2,0,0,0,0,0,2,2,0
ind_192,1,2,0,1,0,0,1,1,1,0,1,0,0,1,0,0,0,1,1,1,0,2,1,0,1,0,0,0,0,0,1,0,1,1,1,0,2,0,1,0,2,0,2,0,1,2,0,0,1,1,1,0,0,0,0,1,0,0,0,2,1,2,0,1,0,0,0,1,0,1,2,1,1,0,0,0,0,0,0,0,1,1,0,0,0,1,1,0,0,2,1,0,0,2,0,0,0,1,0,0,1,1,0,0,0,0,0,1,2,1,0,1,0,1,0,0,0,0,0,1,2,0,0,0,0,0,0,2,0,0,0,0,1,2,0,0,2,1,0,0,1,0,0,1,1,0,0,2,1,2,0,1,1,0,0,0,0,0,0
ind_193,0,0,1,2,0,1,1,2,2,0,0,0,1,1,0,0,0,1,0,0,1,0,0,0,1,0,0,0,0,0,0,0,0,0,0,1,1,2,1,0,1,0,0,0,0,1,1,0,1,1,2,0,0,0,0,0,0,2,0,2,1,0,0,0,0,0,0,0,0,0,0,0,1,0,0,0,0,0,0,0,1,1,0,1,0,0,0,2,0,1,0,0,0,0,1,2,0,0,0,1,0,1,1,0,0,1,0,0,0,0,0,0,0,0,1,2,0,0,0,0,0,1,0,0,0,0,0,0,1,0,0,0,2,0,0,1,0,1,0,0,1,0,1,1,2,0,0,0,2,1,0,1,2,1,1,0,0,0,2
ind_194,0,0,0,0,1,0,0,2,2,1,0,0,0,1,1,0,0,0,0,1,1,0,1,0,0,0,0,0,2,0,0,0,0,2,0,0,0,1,1,0,0,0,1,0,1,0,1,0,0,0,0,0,0,0,2,1,1,1,0,1,1,1,0,0,0,0,0,0,0,0,1,0,1,1,0,0,1,1,1,0,0,1,0,0,1,0,1,1,0,0,1,1,0,0,1,0,1,0,0,1,1,0,0,0,0,2,1,2,1,0,0,1,0,1,0,0,1,0,0,0,0,1,0,0,1,0,0,0,1,0,0,0,0,0,0,0,0,0,2,0,0,0,1,0,1,2,1,0,0,0,0,0,0,2,1,0,1,0,1
ind_195,0,0,1,0,1,2,0,0,1,0,0,0,0,2,1,2,1,0,0,1,1,0,0,0,1,0,0,2,0,1,0,1,0,1,1,0,1,2,0,0,0,0,0,0,1,1,1,1,1,0,0,0,1,0,1,0,1,0,0,2,1,0,2,0,0,0,2,0,0,0,0,1,0,1,1,0,1,0,1,0,0,1,0,0,2,0,1,0,1,1,0,0,0,0,2,0,0,0,0,0,0,1,1,0,0,0,1,1,1,0,0,0,0,1,0,0,2,0,0,0,1,1,1,1,1,1,1,0,0,1,1,0,1,0,1,0,0,2,0,0,0,0,0,1,0,0,1,1,2,0,0,1,0,0,1,0,0,0,0
ind_196,0,1,0,0,1,0,0,2,1,0,0,0,1,0,0,1,0,0,0,0,0,1,0,2,0,0,0,1,0,0,2,1,0,0,0,1,2,0,0,0,0,2,0,1,1,0,0,0,1,0,0,0,0,0,0,2,0,0,1,1,0,2,1,1,1,0,0,0,0,0,1,1,0,1,0,1,1,2,0,0,0,0,0,0,0,0,0,0,0,0,1,0,0,0,1,0,1,2,0,0,0,0,0,0,0,0,0,0,0,0,0,2,0,0,0,0,1,0,0,1,0,1,0,0,0,1,2,0,0,1,0,0,0,0,0,0,0,0,1,2,1,0,0,0,1,1,1,0,0,1,0,0,0,0,1,0,1,0,0
ind_197,0,0,0,0,0,0,1,0,1,2,0,1,2,0,1,0,0,0,2,1,0,1,1,1,1,0,0,1,0,1,1,2,0,0,0,2,1,0,2,0,1,0,0,2,0,1,0,0,0,1,0,0,1,0,0,0,0,1,1,1,1,0,1,0,1,0,1,2,1,0,0,0,1,2,0,2,0,1,0,0,2,0,0,1,0,0,1,0,0,0,2,0,0,2,0,2,0,0,0,0,0,0,1,2,1,0,1,0,0,1,0,0,0,0,1,0,0,0,1,0,0,1,1,0,0,1,1,0,0,0,0,1,2,0,0,0,0,1,0,0,1,0,0,0,0,0,1,0,0,1,0,0,0,0,1,1,0,0,1
ind_198,0,1,0,1,1,1,1,0,0,1,0,1,0,1,0,1,0,0,0,2,0,0,1,1,2,0,0,0,0,1,1,1,0,0,1,1,0,1,0,0,0,0,0,0,1,0,0,0,0,0,0,0,1,1,0,0,1,2,0,1,0,1,0,0,1,1,1,1,0,0,0,0,1,0,0,1,0,0,2,0,1,0,0,0,0,0,2,0,2,0,1,0,0,0,0,1,1,0,1,2,1,0,0,2,1,2,1,0,1,0,0,1,1,1,0,0,0,1,1,2,1,0,0,0,0,0,0,1,0,0,1,2,1,1,1,0,0,1,0,1,0,2,1,1,0,0,1,0,0,0,1,1,0,0,1,1,1,0,1
ind_199,0,0,0,1,2,2,0,2,1,0,0,0,2,1,2,0,1,0,0,0,0,2,1,0,0,0,1,0,0,0,0,0,0,0,0,0,0,0,0,0,0,1,1,0,0,0,1,0,0,2,0,0,0,0,1,0,0,1,1,1,0,0,0,0,0,0,0,0,0,1,0,1,2,2,0,1,0,1,1,0,0,0,1,0,2,0,0,1,1,0,0,0,0,0,2,0,0,2,0,0,0,0,0,0,1,1,0,0,0,0,0,1,2,0,0,0,1,0,0,0,0,0,2,1,2,0,1,1,1,0,0,1,0,0,0,0,1,0,0,1,2,0,0,0,2,0,1,0,0,1,0,0,0,0,0,0,2,0,2
ind_200,0,0,0,1,0,1,1,0,1,0,0,0,0,0,1,1,0,0,0,0,2,1,0,2,1,1,1,0,1,0,1,0,0,1,0,1,0,0,1,1,0,0,0,2,0,0,0,0,0,2,0,2,0,0,1,1,2,0,0,1,2,2,0,2,0,0,1,0,1,0,0,1,0,2,1,1,1,0,2,0,0,2,1,1,0,1,1,0,0,0,0,2,1,1,1,0,0,0,2,1,0,0,1,0,0,0,1,0,0,1,0,0,2,0,2,0,0,2,1,0,1,1,2,0,0,0,2,0,1,1,0,0,0,0,1,2,0,0,0,0,0,2,0,1,2,1,1,0,0,1,0,2,0,1,0,0,0,0,0
